SRR9865413	27	gs://ncbi-sra-europe/SRR9865413/C045-2-C_R1_trimmed_paired_filtered_clean.fastq	gs://ncbi-sra-europe/SRR9865413/C045-2-C_R2_trimmed_paired_filtered_clean.fastq
SRR9865414	27	gs://ncbi-sra-europe/SRR9865414/C045-2-D_R1_trimmed_paired_filtered_clean.fastq	gs://ncbi-sra-europe/SRR9865414/C045-2-D_R2_trimmed_paired_filtered_clean.fastq
SRR9865415	27	gs://ncbi-sra-europe/SRR9865415/C045-2-E_R1_trimmed_paired_filtered_clean.fastq	gs://ncbi-sra-europe/SRR9865415/C045-2-E_R2_trimmed_paired_filtered_clean.fastq
SRR9865416	27	gs://ncbi-sra-europe/SRR9865416/C045-2-F_R1_trimmed_paired_filtered_clean.fastq	gs://ncbi-sra-europe/SRR9865416/C045-2-F_R2_trimmed_paired_filtered_clean.fastq
SRR9865417	42	gs://ncbi-sra-europe/SRR9865417/C018-1-C_R1_trimmed_paired_filtered_clean.fastq	gs://ncbi-sra-europe/SRR9865417/C018-1-C_R2_trimmed_paired_filtered_clean.fastq
SRR9865418	42	gs://ncbi-sra-europe/SRR9865418/C018-1-B_R1_trimmed_paired_filtered_clean.fastq	gs://ncbi-sra-europe/SRR9865418/C018-1-B_R2_trimmed_paired_filtered_clean.fastq
SRR9865419	1	gs://ncbi-sra-europe/SRR9865419/350-01-C_R1_trimmed_paired_filtered_clean.fastq	gs://ncbi-sra-europe/SRR9865419/350-01-C_R2_trimmed_paired_filtered_clean.fastq
SRR9865420	1	gs://ncbi-sra-europe/SRR9865420/350-01-B_R1_trimmed_paired_filtered_clean.fastq	gs://ncbi-sra-europe/SRR9865420/350-01-B_R2_trimmed_paired_filtered_clean.fastq
SRR9865421	1	gs://ncbi-sra-europe/SRR9865421/350-01-E_R1_trimmed_paired_filtered_clean.fastq	gs://ncbi-sra-europe/SRR9865421/350-01-E_R2_trimmed_paired_filtered_clean.fastq
SRR9865422	1	gs://ncbi-sra-europe/SRR9865422/350-01-D_R1_trimmed_paired_filtered_clean.fastq	gs://ncbi-sra-europe/SRR9865422/350-01-D_R2_trimmed_paired_filtered_clean.fastq
SRR9865423	31	gs://ncbi-sra-europe/SRR9865423/343-01-K_R1_trimmed_paired_filtered_clean.fastq	gs://ncbi-sra-europe/SRR9865423/343-01-K_R2_trimmed_paired_filtered_clean.fastq
SRR9865424	31	gs://ncbi-sra-europe/SRR9865424/343-01-J_R1_trimmed_paired_filtered_clean.fastq	gs://ncbi-sra-europe/SRR9865424/343-01-J_R2_trimmed_paired_filtered_clean.fastq
SRR9865425	51	gs://ncbi-sra-europe/SRR9865425/419-01-D_R1_trimmed_paired_filtered_clean.fastq	gs://ncbi-sra-europe/SRR9865425/419-01-D_R2_trimmed_paired_filtered_clean.fastq
SRR9865426	51	gs://ncbi-sra-europe/SRR9865426/419-01-C_R1_trimmed_paired_filtered_clean.fastq	gs://ncbi-sra-europe/SRR9865426/419-01-C_R2_trimmed_paired_filtered_clean.fastq
SRR9865427	41	gs://ncbi-sra-europe/SRR9865427/418-01-F_R1_trimmed_paired_filtered_clean.fastq	gs://ncbi-sra-europe/SRR9865427/418-01-F_R2_trimmed_paired_filtered_clean.fastq
SRR9865428	41	gs://ncbi-sra-europe/SRR9865428/418-01-E_R1_trimmed_paired_filtered_clean.fastq	gs://ncbi-sra-europe/SRR9865428/418-01-E_R2_trimmed_paired_filtered_clean.fastq
SRR9865429	51	gs://ncbi-sra-europe/SRR9865429/419-01-A_R1_trimmed_paired_filtered_clean.fastq	gs://ncbi-sra-europe/SRR9865429/419-01-A_R2_trimmed_paired_filtered_clean.fastq
SRR9865430	41	gs://ncbi-sra-europe/SRR9865430/418-01-G_R1_trimmed_paired_filtered_clean.fastq	gs://ncbi-sra-europe/SRR9865430/418-01-G_R2_trimmed_paired_filtered_clean.fastq
SRR9865431	41	gs://ncbi-sra-europe/SRR9865431/418-01-B_R1_trimmed_paired_filtered_clean.fastq	gs://ncbi-sra-europe/SRR9865431/418-01-B_R2_trimmed_paired_filtered_clean.fastq
SRR9865432	41	gs://ncbi-sra-europe/SRR9865432/418-01-A_R1_trimmed_paired_filtered_clean.fastq	gs://ncbi-sra-europe/SRR9865432/418-01-A_R2_trimmed_paired_filtered_clean.fastq
SRR9865433	1	gs://ncbi-sra-europe/SRR9865433/350-01-A_R1_trimmed_paired_filtered_clean.fastq	gs://ncbi-sra-europe/SRR9865433/350-01-A_R2_trimmed_paired_filtered_clean.fastq
SRR9865434	31	gs://ncbi-sra-europe/SRR9865434/343-01-L_R1_trimmed_paired_filtered_clean.fastq	gs://ncbi-sra-europe/SRR9865434/343-01-L_R2_trimmed_paired_filtered_clean.fastq
SRR9865435	50	gs://ncbi-sra-europe/SRR9865435/350-02-B_R1_trimmed_paired_filtered_clean.fastq	gs://ncbi-sra-europe/SRR9865435/350-02-B_R2_trimmed_paired_filtered_clean.fastq
SRR9865436	50	gs://ncbi-sra-europe/SRR9865436/350-02-A_R1_trimmed_paired_filtered_clean.fastq	gs://ncbi-sra-europe/SRR9865436/350-02-A_R2_trimmed_paired_filtered_clean.fastq
SRR9865437	46	gs://ncbi-sra-europe/SRR9865437/422-01-D_R1_trimmed_paired_filtered_clean.fastq	gs://ncbi-sra-europe/SRR9865437/422-01-D_R2_trimmed_paired_filtered_clean.fastq
SRR9865438	46	gs://ncbi-sra-europe/SRR9865438/422-01-C_R1_trimmed_paired_filtered_clean.fastq	gs://ncbi-sra-europe/SRR9865438/422-01-C_R2_trimmed_paired_filtered_clean.fastq
SRR9865439	46	gs://ncbi-sra-europe/SRR9865439/422-01-B_R1_trimmed_paired_filtered_clean.fastq	gs://ncbi-sra-europe/SRR9865439/422-01-B_R2_trimmed_paired_filtered_clean.fastq
SRR9865440	46	gs://ncbi-sra-europe/SRR9865440/422-01-A_R1_trimmed_paired_filtered_clean.fastq	gs://ncbi-sra-europe/SRR9865440/422-01-A_R2_trimmed_paired_filtered_clean.fastq
SRR9865441	41	gs://ncbi-sra-europe/SRR9865441/418-01-D_R1_trimmed_paired_filtered_clean.fastq	gs://ncbi-sra-europe/SRR9865441/418-01-D_R2_trimmed_paired_filtered_clean.fastq
SRR9865442	41	gs://ncbi-sra-europe/SRR9865442/418-01-C_R1_trimmed_paired_filtered_clean.fastq	gs://ncbi-sra-europe/SRR9865442/418-01-C_R2_trimmed_paired_filtered_clean.fastq
SRR9865443	34	gs://ncbi-sra-europe/SRR9865443/C039-2-A_R1_trimmed_paired_filtered_clean.fastq	gs://ncbi-sra-europe/SRR9865443/C039-2-A_R2_trimmed_paired_filtered_clean.fastq
SRR9865444	34	gs://ncbi-sra-europe/SRR9865444/C039-2-B_R1_trimmed_paired_filtered_clean.fastq	gs://ncbi-sra-europe/SRR9865444/C039-2-B_R2_trimmed_paired_filtered_clean.fastq
SRR9865445	34	gs://ncbi-sra-europe/SRR9865445/C039-2-C_R1_trimmed_paired_filtered_clean.fastq	gs://ncbi-sra-europe/SRR9865445/C039-2-C_R2_trimmed_paired_filtered_clean.fastq
SRR9865446	34	gs://ncbi-sra-europe/SRR9865446/C039-2-D_R1_trimmed_paired_filtered_clean.fastq	gs://ncbi-sra-europe/SRR9865446/C039-2-D_R2_trimmed_paired_filtered_clean.fastq
SRR9865447	19	gs://ncbi-sra-europe/SRR9865447/C039-1-G_R1_trimmed_paired_filtered_clean.fastq	gs://ncbi-sra-europe/SRR9865447/C039-1-G_R2_trimmed_paired_filtered_clean.fastq
SRR9865448	19	gs://ncbi-sra-europe/SRR9865448/C039-1-H_R1_trimmed_paired_filtered_clean.fastq	gs://ncbi-sra-europe/SRR9865448/C039-1-H_R2_trimmed_paired_filtered_clean.fastq
SRR9865449	29	gs://ncbi-sra-europe/SRR9865449/303-01-C_R1_trimmed_paired_filtered_clean.fastq	gs://ncbi-sra-europe/SRR9865449/303-01-C_R2_trimmed_paired_filtered_clean.fastq
SRR9865450	46	gs://ncbi-sra-europe/SRR9865450/422-01-G_R1_trimmed_paired_filtered_clean.fastq	gs://ncbi-sra-europe/SRR9865450/422-01-G_R2_trimmed_paired_filtered_clean.fastq
SRR9865451	29	gs://ncbi-sra-europe/SRR9865451/303-01-A_R1_trimmed_paired_filtered_clean.fastq	gs://ncbi-sra-europe/SRR9865451/303-01-A_R2_trimmed_paired_filtered_clean.fastq
SRR9865452	29	gs://ncbi-sra-europe/SRR9865452/303-01-B_R1_trimmed_paired_filtered_clean.fastq	gs://ncbi-sra-europe/SRR9865452/303-01-B_R2_trimmed_paired_filtered_clean.fastq
SRR9865453	5	gs://ncbi-sra-europe/SRR9865453/425-01-C_R1_trimmed_paired_filtered_clean.fastq	gs://ncbi-sra-europe/SRR9865453/425-01-C_R2_trimmed_paired_filtered_clean.fastq
SRR9865454	5	gs://ncbi-sra-europe/SRR9865454/425-01-B_R1_trimmed_paired_filtered_clean.fastq	gs://ncbi-sra-europe/SRR9865454/425-01-B_R2_trimmed_paired_filtered_clean.fastq
SRR9865455	43	gs://ncbi-sra-europe/SRR9865455/304-01-B_R1_trimmed_paired_filtered_clean.fastq	gs://ncbi-sra-europe/SRR9865455/304-01-B_R2_trimmed_paired_filtered_clean.fastq
SRR9865456	43	gs://ncbi-sra-europe/SRR9865456/304-01-C_R1_trimmed_paired_filtered_clean.fastq	gs://ncbi-sra-europe/SRR9865456/304-01-C_R2_trimmed_paired_filtered_clean.fastq
SRR9865457	19	gs://ncbi-sra-europe/SRR9865457/C039-1-I_R1_trimmed_paired_filtered_clean.fastq	gs://ncbi-sra-europe/SRR9865457/C039-1-I_R2_trimmed_paired_filtered_clean.fastq
SRR9865458	19	gs://ncbi-sra-europe/SRR9865458/C039-1-J_R1_trimmed_paired_filtered_clean.fastq	gs://ncbi-sra-europe/SRR9865458/C039-1-J_R2_trimmed_paired_filtered_clean.fastq
SRR9865459	34	gs://ncbi-sra-europe/SRR9865459/C039-2-E_R1_trimmed_paired_filtered_clean.fastq	gs://ncbi-sra-europe/SRR9865459/C039-2-E_R2_trimmed_paired_filtered_clean.fastq
SRR9865460	34	gs://ncbi-sra-europe/SRR9865460/C039-2-F_R1_trimmed_paired_filtered_clean.fastq	gs://ncbi-sra-europe/SRR9865460/C039-2-F_R2_trimmed_paired_filtered_clean.fastq
SRR9865461	45	gs://ncbi-sra-europe/SRR9865461/306-01-E_R1_trimmed_paired_filtered_clean.fastq	gs://ncbi-sra-europe/SRR9865461/306-01-E_R2_trimmed_paired_filtered_clean.fastq
SRR9865462	45	gs://ncbi-sra-europe/SRR9865462/306-01-F_R1_trimmed_paired_filtered_clean.fastq	gs://ncbi-sra-europe/SRR9865462/306-01-F_R2_trimmed_paired_filtered_clean.fastq
SRR9865463	45	gs://ncbi-sra-europe/SRR9865463/306-01-C_R1_trimmed_paired_filtered_clean.fastq	gs://ncbi-sra-europe/SRR9865463/306-01-C_R2_trimmed_paired_filtered_clean.fastq
SRR9865464	45	gs://ncbi-sra-europe/SRR9865464/306-01-D_R1_trimmed_paired_filtered_clean.fastq	gs://ncbi-sra-europe/SRR9865464/306-01-D_R2_trimmed_paired_filtered_clean.fastq
SRR9865465	54	gs://ncbi-sra-europe/SRR9865465/C004-2-A_R1_trimmed_paired_filtered_clean.fastq	gs://ncbi-sra-europe/SRR9865465/C004-2-A_R2_trimmed_paired_filtered_clean.fastq
SRR9865466	54	gs://ncbi-sra-europe/SRR9865466/C004-2-B_R1_trimmed_paired_filtered_clean.fastq	gs://ncbi-sra-europe/SRR9865466/C004-2-B_R2_trimmed_paired_filtered_clean.fastq
SRR9865467	10	gs://ncbi-sra-europe/SRR9865467/C002-2-I_R1_trimmed_paired_filtered_clean.fastq	gs://ncbi-sra-europe/SRR9865467/C002-2-I_R2_trimmed_paired_filtered_clean.fastq
SRR9865468	10	gs://ncbi-sra-europe/SRR9865468/C002-2-J_R1_trimmed_paired_filtered_clean.fastq	gs://ncbi-sra-europe/SRR9865468/C002-2-J_R2_trimmed_paired_filtered_clean.fastq
SRR9865469	10	gs://ncbi-sra-europe/SRR9865469/C002-2-G_R1_trimmed_paired_filtered_clean.fastq	gs://ncbi-sra-europe/SRR9865469/C002-2-G_R2_trimmed_paired_filtered_clean.fastq
SRR9865470	10	gs://ncbi-sra-europe/SRR9865470/C002-2-H_R1_trimmed_paired_filtered_clean.fastq	gs://ncbi-sra-europe/SRR9865470/C002-2-H_R2_trimmed_paired_filtered_clean.fastq
SRR9865471	10	gs://ncbi-sra-europe/SRR9865471/C002-2-E_R1_trimmed_paired_filtered_clean.fastq	gs://ncbi-sra-europe/SRR9865471/C002-2-E_R2_trimmed_paired_filtered_clean.fastq
SRR9865472	10	gs://ncbi-sra-europe/SRR9865472/C002-2-F_R1_trimmed_paired_filtered_clean.fastq	gs://ncbi-sra-europe/SRR9865472/C002-2-F_R2_trimmed_paired_filtered_clean.fastq
SRR9865473	45	gs://ncbi-sra-europe/SRR9865473/306-01-A_R1_trimmed_paired_filtered_clean.fastq	gs://ncbi-sra-europe/SRR9865473/306-01-A_R2_trimmed_paired_filtered_clean.fastq
SRR9865474	45	gs://ncbi-sra-europe/SRR9865474/306-01-B_R1_trimmed_paired_filtered_clean.fastq	gs://ncbi-sra-europe/SRR9865474/306-01-B_R2_trimmed_paired_filtered_clean.fastq
SRR9865475	43	gs://ncbi-sra-europe/SRR9865475/304-01-F_R1_trimmed_paired_filtered_clean.fastq	gs://ncbi-sra-europe/SRR9865475/304-01-F_R2_trimmed_paired_filtered_clean.fastq
SRR9865476	43	gs://ncbi-sra-europe/SRR9865476/304-01-G_R1_trimmed_paired_filtered_clean.fastq	gs://ncbi-sra-europe/SRR9865476/304-01-G_R2_trimmed_paired_filtered_clean.fastq
SRR9865477	43	gs://ncbi-sra-europe/SRR9865477/304-01-D_R1_trimmed_paired_filtered_clean.fastq	gs://ncbi-sra-europe/SRR9865477/304-01-D_R2_trimmed_paired_filtered_clean.fastq
SRR9865478	43	gs://ncbi-sra-europe/SRR9865478/304-01-E_R1_trimmed_paired_filtered_clean.fastq	gs://ncbi-sra-europe/SRR9865478/304-01-E_R2_trimmed_paired_filtered_clean.fastq
SRR9865479	7	gs://ncbi-sra-europe/SRR9865479/377-01-F_R1_trimmed_paired_filtered_clean.fastq	gs://ncbi-sra-europe/SRR9865479/377-01-F_R2_trimmed_paired_filtered_clean.fastq
SRR9865480	7	gs://ncbi-sra-europe/SRR9865480/377-01-E_R1_trimmed_paired_filtered_clean.fastq	gs://ncbi-sra-europe/SRR9865480/377-01-E_R2_trimmed_paired_filtered_clean.fastq
SRR9865481	54	gs://ncbi-sra-europe/SRR9865481/C004-2-C_R1_trimmed_paired_filtered_clean.fastq	gs://ncbi-sra-europe/SRR9865481/C004-2-C_R2_trimmed_paired_filtered_clean.fastq
SRR9865482	54	gs://ncbi-sra-europe/SRR9865482/C004-2-D_R1_trimmed_paired_filtered_clean.fastq	gs://ncbi-sra-europe/SRR9865482/C004-2-D_R2_trimmed_paired_filtered_clean.fastq
SRR9865483	50	gs://ncbi-sra-europe/SRR9865483/350-02-C_R1_trimmed_paired_filtered_clean.fastq	gs://ncbi-sra-europe/SRR9865483/350-02-C_R2_trimmed_paired_filtered_clean.fastq
SRR9865484	50	gs://ncbi-sra-europe/SRR9865484/350-02-D_R1_trimmed_paired_filtered_clean.fastq	gs://ncbi-sra-europe/SRR9865484/350-02-D_R2_trimmed_paired_filtered_clean.fastq
SRR9865485	16	gs://ncbi-sra-europe/SRR9865485/386-01-C_R1_trimmed_paired_filtered_clean.fastq	gs://ncbi-sra-europe/SRR9865485/386-01-C_R2_trimmed_paired_filtered_clean.fastq
SRR9865486	16	gs://ncbi-sra-europe/SRR9865486/386-01-B_R1_trimmed_paired_filtered_clean.fastq	gs://ncbi-sra-europe/SRR9865486/386-01-B_R2_trimmed_paired_filtered_clean.fastq
SRR9865487	16	gs://ncbi-sra-europe/SRR9865487/386-01-A_R1_trimmed_paired_filtered_clean.fastq	gs://ncbi-sra-europe/SRR9865487/386-01-A_R2_trimmed_paired_filtered_clean.fastq
SRR9865488	2	gs://ncbi-sra-europe/SRR9865488/379-01-H_R1_trimmed_paired_filtered_clean.fastq	gs://ncbi-sra-europe/SRR9865488/379-01-H_R2_trimmed_paired_filtered_clean.fastq
SRR9865489	22	gs://ncbi-sra-europe/SRR9865489/370-01-E_R1_trimmed_paired_filtered_clean.fastq	gs://ncbi-sra-europe/SRR9865489/370-01-E_R2_trimmed_paired_filtered_clean.fastq
SRR9865490	22	gs://ncbi-sra-europe/SRR9865490/370-01-D_R1_trimmed_paired_filtered_clean.fastq	gs://ncbi-sra-europe/SRR9865490/370-01-D_R2_trimmed_paired_filtered_clean.fastq
SRR9865491	22	gs://ncbi-sra-europe/SRR9865491/370-01-G_R1_trimmed_paired_filtered_clean.fastq	gs://ncbi-sra-europe/SRR9865491/370-01-G_R2_trimmed_paired_filtered_clean.fastq
SRR9865492	22	gs://ncbi-sra-europe/SRR9865492/370-01-F_R1_trimmed_paired_filtered_clean.fastq	gs://ncbi-sra-europe/SRR9865492/370-01-F_R2_trimmed_paired_filtered_clean.fastq
SRR9865493	7	gs://ncbi-sra-europe/SRR9865493/377-01-B_R1_trimmed_paired_filtered_clean.fastq	gs://ncbi-sra-europe/SRR9865493/377-01-B_R2_trimmed_paired_filtered_clean.fastq
SRR9865494	7	gs://ncbi-sra-europe/SRR9865494/377-01-A_R1_trimmed_paired_filtered_clean.fastq	gs://ncbi-sra-europe/SRR9865494/377-01-A_R2_trimmed_paired_filtered_clean.fastq
SRR9865495	7	gs://ncbi-sra-europe/SRR9865495/377-01-D_R1_trimmed_paired_filtered_clean.fastq	gs://ncbi-sra-europe/SRR9865495/377-01-D_R2_trimmed_paired_filtered_clean.fastq
SRR9865496	7	gs://ncbi-sra-europe/SRR9865496/377-01-C_R1_trimmed_paired_filtered_clean.fastq	gs://ncbi-sra-europe/SRR9865496/377-01-C_R2_trimmed_paired_filtered_clean.fastq
SRR9865497	2	gs://ncbi-sra-europe/SRR9865497/379-01-G_R1_trimmed_paired_filtered_clean.fastq	gs://ncbi-sra-europe/SRR9865497/379-01-G_R2_trimmed_paired_filtered_clean.fastq
SRR9865498	2	gs://ncbi-sra-europe/SRR9865498/379-01-F_R1_trimmed_paired_filtered_clean.fastq	gs://ncbi-sra-europe/SRR9865498/379-01-F_R2_trimmed_paired_filtered_clean.fastq
SRR9865499	2	gs://ncbi-sra-europe/SRR9865499/379-01-E_R1_trimmed_paired_filtered_clean.fastq	gs://ncbi-sra-europe/SRR9865499/379-01-E_R2_trimmed_paired_filtered_clean.fastq
SRR9865500	40	gs://ncbi-sra-europe/SRR9865500/312-01-D_R1_trimmed_paired_filtered_clean.fastq	gs://ncbi-sra-europe/SRR9865500/312-01-D_R2_trimmed_paired_filtered_clean.fastq
SRR9865501	40	gs://ncbi-sra-europe/SRR9865501/312-01-G_R1_trimmed_paired_filtered_clean.fastq	gs://ncbi-sra-europe/SRR9865501/312-01-G_R2_trimmed_paired_filtered_clean.fastq
SRR9865502	40	gs://ncbi-sra-europe/SRR9865502/312-01-F_R1_trimmed_paired_filtered_clean.fastq	gs://ncbi-sra-europe/SRR9865502/312-01-F_R2_trimmed_paired_filtered_clean.fastq
SRR9865503	40	gs://ncbi-sra-europe/SRR9865503/312-01-I_R1_trimmed_paired_filtered_clean.fastq	gs://ncbi-sra-europe/SRR9865503/312-01-I_R2_trimmed_paired_filtered_clean.fastq
SRR9865504	40	gs://ncbi-sra-europe/SRR9865504/312-01-H_R1_trimmed_paired_filtered_clean.fastq	gs://ncbi-sra-europe/SRR9865504/312-01-H_R2_trimmed_paired_filtered_clean.fastq
SRR9865505	20	gs://ncbi-sra-europe/SRR9865505/330-01-B_R1_trimmed_paired_filtered_clean.fastq	gs://ncbi-sra-europe/SRR9865505/330-01-B_R2_trimmed_paired_filtered_clean.fastq
SRR9865506	20	gs://ncbi-sra-europe/SRR9865506/330-01-A_R1_trimmed_paired_filtered_clean.fastq	gs://ncbi-sra-europe/SRR9865506/330-01-A_R2_trimmed_paired_filtered_clean.fastq
SRR9865507	20	gs://ncbi-sra-europe/SRR9865507/330-01-D_R1_trimmed_paired_filtered_clean.fastq	gs://ncbi-sra-europe/SRR9865507/330-01-D_R2_trimmed_paired_filtered_clean.fastq
SRR9865508	20	gs://ncbi-sra-europe/SRR9865508/330-01-C_R1_trimmed_paired_filtered_clean.fastq	gs://ncbi-sra-europe/SRR9865508/330-01-C_R2_trimmed_paired_filtered_clean.fastq
SRR9865509	3	gs://ncbi-sra-europe/SRR9865509/C043-2-H_R1_trimmed_paired_filtered_clean.fastq	gs://ncbi-sra-europe/SRR9865509/C043-2-H_R2_trimmed_paired_filtered_clean.fastq
SRR9865510	3	gs://ncbi-sra-europe/SRR9865510/C043-2-I_R1_trimmed_paired_filtered_clean.fastq	gs://ncbi-sra-europe/SRR9865510/C043-2-I_R2_trimmed_paired_filtered_clean.fastq
SRR9865511	3	gs://ncbi-sra-europe/SRR9865511/C043-2-J_R1_trimmed_paired_filtered_clean.fastq	gs://ncbi-sra-europe/SRR9865511/C043-2-J_R2_trimmed_paired_filtered_clean.fastq
SRR9865512	3	gs://ncbi-sra-europe/SRR9865512/C043-2-K_R1_trimmed_paired_filtered_clean.fastq	gs://ncbi-sra-europe/SRR9865512/C043-2-K_R2_trimmed_paired_filtered_clean.fastq
SRR9865513	49	gs://ncbi-sra-europe/SRR9865513/C045-1-C_R1_trimmed_paired_filtered_clean.fastq	gs://ncbi-sra-europe/SRR9865513/C045-1-C_R2_trimmed_paired_filtered_clean.fastq
SRR9865514	49	gs://ncbi-sra-europe/SRR9865514/C045-1-D_R1_trimmed_paired_filtered_clean.fastq	gs://ncbi-sra-europe/SRR9865514/C045-1-D_R2_trimmed_paired_filtered_clean.fastq
SRR9865515	49	gs://ncbi-sra-europe/SRR9865515/C045-1-E_R1_trimmed_paired_filtered_clean.fastq	gs://ncbi-sra-europe/SRR9865515/C045-1-E_R2_trimmed_paired_filtered_clean.fastq
SRR9865516	49	gs://ncbi-sra-europe/SRR9865516/C045-1-F_R1_trimmed_paired_filtered_clean.fastq	gs://ncbi-sra-europe/SRR9865516/C045-1-F_R2_trimmed_paired_filtered_clean.fastq
SRR9865517	49	gs://ncbi-sra-europe/SRR9865517/C045-1-G_R1_trimmed_paired_filtered_clean.fastq	gs://ncbi-sra-europe/SRR9865517/C045-1-G_R2_trimmed_paired_filtered_clean.fastq
SRR9865518	49	gs://ncbi-sra-europe/SRR9865518/C045-1-I_R1_trimmed_paired_filtered_clean.fastq	gs://ncbi-sra-europe/SRR9865518/C045-1-I_R2_trimmed_paired_filtered_clean.fastq
SRR9865519	14	gs://ncbi-sra-europe/SRR9865519/406-01-D_R1_trimmed_paired_filtered_clean.fastq	gs://ncbi-sra-europe/SRR9865519/406-01-D_R2_trimmed_paired_filtered_clean.fastq
SRR9865520	14	gs://ncbi-sra-europe/SRR9865520/406-01-E_R1_trimmed_paired_filtered_clean.fastq	gs://ncbi-sra-europe/SRR9865520/406-01-E_R2_trimmed_paired_filtered_clean.fastq
SRR9865521	14	gs://ncbi-sra-europe/SRR9865521/406-01-B_R1_trimmed_paired_filtered_clean.fastq	gs://ncbi-sra-europe/SRR9865521/406-01-B_R2_trimmed_paired_filtered_clean.fastq
SRR9865522	14	gs://ncbi-sra-europe/SRR9865522/406-01-C_R1_trimmed_paired_filtered_clean.fastq	gs://ncbi-sra-europe/SRR9865522/406-01-C_R2_trimmed_paired_filtered_clean.fastq
SRR9865523	17	gs://ncbi-sra-europe/SRR9865523/402-01-I_R1_trimmed_paired_filtered_clean.fastq	gs://ncbi-sra-europe/SRR9865523/402-01-I_R2_trimmed_paired_filtered_clean.fastq
SRR9865524	14	gs://ncbi-sra-europe/SRR9865524/406-01-A_R1_trimmed_paired_filtered_clean.fastq	gs://ncbi-sra-europe/SRR9865524/406-01-A_R2_trimmed_paired_filtered_clean.fastq
SRR9865525	17	gs://ncbi-sra-europe/SRR9865525/402-01-G_R1_trimmed_paired_filtered_clean.fastq	gs://ncbi-sra-europe/SRR9865525/402-01-G_R2_trimmed_paired_filtered_clean.fastq
SRR9865526	17	gs://ncbi-sra-europe/SRR9865526/402-01-H_R1_trimmed_paired_filtered_clean.fastq	gs://ncbi-sra-europe/SRR9865526/402-01-H_R2_trimmed_paired_filtered_clean.fastq
SRR9865527	17	gs://ncbi-sra-europe/SRR9865527/402-01-E_R1_trimmed_paired_filtered_clean.fastq	gs://ncbi-sra-europe/SRR9865527/402-01-E_R2_trimmed_paired_filtered_clean.fastq
SRR9865528	17	gs://ncbi-sra-europe/SRR9865528/402-01-F_R1_trimmed_paired_filtered_clean.fastq	gs://ncbi-sra-europe/SRR9865528/402-01-F_R2_trimmed_paired_filtered_clean.fastq
SRR9865529	12	gs://ncbi-sra-europe/SRR9865529/428-01-E_R1_trimmed_paired_filtered_clean.fastq	gs://ncbi-sra-europe/SRR9865529/428-01-E_R2_trimmed_paired_filtered_clean.fastq
SRR9865530	12	gs://ncbi-sra-europe/SRR9865530/428-01-C_R1_trimmed_paired_filtered_clean.fastq	gs://ncbi-sra-europe/SRR9865530/428-01-C_R2_trimmed_paired_filtered_clean.fastq
SRR9865531	30	gs://ncbi-sra-europe/SRR9865531/362-01-G_R1_trimmed_paired_filtered_clean.fastq	gs://ncbi-sra-europe/SRR9865531/362-01-G_R2_trimmed_paired_filtered_clean.fastq
SRR9865532	30	gs://ncbi-sra-europe/SRR9865532/362-01-F_R1_trimmed_paired_filtered_clean.fastq	gs://ncbi-sra-europe/SRR9865532/362-01-F_R2_trimmed_paired_filtered_clean.fastq
SRR9865533	30	gs://ncbi-sra-europe/SRR9865533/362-01-A_R1_trimmed_paired_filtered_clean.fastq	gs://ncbi-sra-europe/SRR9865533/362-01-A_R2_trimmed_paired_filtered_clean.fastq
SRR9865534	44	gs://ncbi-sra-europe/SRR9865534/357-02-F_R1_trimmed_paired_filtered_clean.fastq	gs://ncbi-sra-europe/SRR9865534/357-02-F_R2_trimmed_paired_filtered_clean.fastq
SRR9865535	13	gs://ncbi-sra-europe/SRR9865535/441-01-B_R1_trimmed_paired_filtered_clean.fastq	gs://ncbi-sra-europe/SRR9865535/441-01-B_R2_trimmed_paired_filtered_clean.fastq
SRR9865536	13	gs://ncbi-sra-europe/SRR9865536/441-01-A_R1_trimmed_paired_filtered_clean.fastq	gs://ncbi-sra-europe/SRR9865536/441-01-A_R2_trimmed_paired_filtered_clean.fastq
SRR9865537	39	gs://ncbi-sra-europe/SRR9865537/356-01-D_R1_trimmed_paired_filtered_clean.fastq	gs://ncbi-sra-europe/SRR9865537/356-01-D_R2_trimmed_paired_filtered_clean.fastq
SRR9865538	39	gs://ncbi-sra-europe/SRR9865538/356-01-C_R1_trimmed_paired_filtered_clean.fastq	gs://ncbi-sra-europe/SRR9865538/356-01-C_R2_trimmed_paired_filtered_clean.fastq
SRR9865539	39	gs://ncbi-sra-europe/SRR9865539/356-01-F_R1_trimmed_paired_filtered_clean.fastq	gs://ncbi-sra-europe/SRR9865539/356-01-F_R2_trimmed_paired_filtered_clean.fastq
SRR9865540	39	gs://ncbi-sra-europe/SRR9865540/356-01-E_R1_trimmed_paired_filtered_clean.fastq	gs://ncbi-sra-europe/SRR9865540/356-01-E_R2_trimmed_paired_filtered_clean.fastq
SRR9865541	4	gs://ncbi-sra-europe/SRR9865541/354-01-F_R1_trimmed_paired_filtered_clean.fastq	gs://ncbi-sra-europe/SRR9865541/354-01-F_R2_trimmed_paired_filtered_clean.fastq
SRR9865542	4	gs://ncbi-sra-europe/SRR9865542/354-01-E_R1_trimmed_paired_filtered_clean.fastq	gs://ncbi-sra-europe/SRR9865542/354-01-E_R2_trimmed_paired_filtered_clean.fastq
SRR9865543	44	gs://ncbi-sra-europe/SRR9865543/357-02-E_R1_trimmed_paired_filtered_clean.fastq	gs://ncbi-sra-europe/SRR9865543/357-02-E_R2_trimmed_paired_filtered_clean.fastq
SRR9865544	44	gs://ncbi-sra-europe/SRR9865544/357-02-D_R1_trimmed_paired_filtered_clean.fastq	gs://ncbi-sra-europe/SRR9865544/357-02-D_R2_trimmed_paired_filtered_clean.fastq
SRR9865545	30	gs://ncbi-sra-europe/SRR9865545/362-01-E_R1_trimmed_paired_filtered_clean.fastq	gs://ncbi-sra-europe/SRR9865545/362-01-E_R2_trimmed_paired_filtered_clean.fastq
SRR9865546	30	gs://ncbi-sra-europe/SRR9865546/362-01-D_R1_trimmed_paired_filtered_clean.fastq	gs://ncbi-sra-europe/SRR9865546/362-01-D_R2_trimmed_paired_filtered_clean.fastq
SRR9865547	30	gs://ncbi-sra-europe/SRR9865547/362-01-C_R1_trimmed_paired_filtered_clean.fastq	gs://ncbi-sra-europe/SRR9865547/362-01-C_R2_trimmed_paired_filtered_clean.fastq
SRR9865548	30	gs://ncbi-sra-europe/SRR9865548/362-01-B_R1_trimmed_paired_filtered_clean.fastq	gs://ncbi-sra-europe/SRR9865548/362-01-B_R2_trimmed_paired_filtered_clean.fastq
SRR9865549	23	gs://ncbi-sra-europe/SRR9865549/309-01-B_R1_trimmed_paired_filtered_clean.fastq	gs://ncbi-sra-europe/SRR9865549/309-01-B_R2_trimmed_paired_filtered_clean.fastq
SRR9865550	23	gs://ncbi-sra-europe/SRR9865550/309-01-C_R1_trimmed_paired_filtered_clean.fastq	gs://ncbi-sra-europe/SRR9865550/309-01-C_R2_trimmed_paired_filtered_clean.fastq
SRR9865551	39	gs://ncbi-sra-europe/SRR9865551/356-01-B_R1_trimmed_paired_filtered_clean.fastq	gs://ncbi-sra-europe/SRR9865551/356-01-B_R2_trimmed_paired_filtered_clean.fastq
SRR9865552	39	gs://ncbi-sra-europe/SRR9865552/356-01-A_R1_trimmed_paired_filtered_clean.fastq	gs://ncbi-sra-europe/SRR9865552/356-01-A_R2_trimmed_paired_filtered_clean.fastq
SRR9865553	26	gs://ncbi-sra-europe/SRR9865553/357-01-B_R1_trimmed_paired_filtered_clean.fastq	gs://ncbi-sra-europe/SRR9865553/357-01-B_R2_trimmed_paired_filtered_clean.fastq
SRR9865554	26	gs://ncbi-sra-europe/SRR9865554/357-01-A_R1_trimmed_paired_filtered_clean.fastq	gs://ncbi-sra-europe/SRR9865554/357-01-A_R2_trimmed_paired_filtered_clean.fastq
SRR9865555	47	gs://ncbi-sra-europe/SRR9865555/C027-1-E_R1_trimmed_paired_filtered_clean.fastq	gs://ncbi-sra-europe/SRR9865555/C027-1-E_R2_trimmed_paired_filtered_clean.fastq
SRR9865556	47	gs://ncbi-sra-europe/SRR9865556/C027-1-D_R1_trimmed_paired_filtered_clean.fastq	gs://ncbi-sra-europe/SRR9865556/C027-1-D_R2_trimmed_paired_filtered_clean.fastq
SRR9865557	47	gs://ncbi-sra-europe/SRR9865557/C027-1-G_R1_trimmed_paired_filtered_clean.fastq	gs://ncbi-sra-europe/SRR9865557/C027-1-G_R2_trimmed_paired_filtered_clean.fastq
SRR9865558	47	gs://ncbi-sra-europe/SRR9865558/C027-1-F_R1_trimmed_paired_filtered_clean.fastq	gs://ncbi-sra-europe/SRR9865558/C027-1-F_R2_trimmed_paired_filtered_clean.fastq
SRR9865559	23	gs://ncbi-sra-europe/SRR9865559/309-01-D_R1_trimmed_paired_filtered_clean.fastq	gs://ncbi-sra-europe/SRR9865559/309-01-D_R2_trimmed_paired_filtered_clean.fastq
SRR9865560	23	gs://ncbi-sra-europe/SRR9865560/309-01-E_R1_trimmed_paired_filtered_clean.fastq	gs://ncbi-sra-europe/SRR9865560/309-01-E_R2_trimmed_paired_filtered_clean.fastq
SRR9865561	23	gs://ncbi-sra-europe/SRR9865561/309-01-F_R1_trimmed_paired_filtered_clean.fastq	gs://ncbi-sra-europe/SRR9865561/309-01-F_R2_trimmed_paired_filtered_clean.fastq
SRR9865562	23	gs://ncbi-sra-europe/SRR9865562/309-01-G_R1_trimmed_paired_filtered_clean.fastq	gs://ncbi-sra-europe/SRR9865562/309-01-G_R2_trimmed_paired_filtered_clean.fastq
SRR9865563	23	gs://ncbi-sra-europe/SRR9865563/309-01-H_R1_trimmed_paired_filtered_clean.fastq	gs://ncbi-sra-europe/SRR9865563/309-01-H_R2_trimmed_paired_filtered_clean.fastq
SRR9865564	40	gs://ncbi-sra-europe/SRR9865564/312-01-A_R1_trimmed_paired_filtered_clean.fastq	gs://ncbi-sra-europe/SRR9865564/312-01-A_R2_trimmed_paired_filtered_clean.fastq
SRR9865565	40	gs://ncbi-sra-europe/SRR9865565/312-01-B_R1_trimmed_paired_filtered_clean.fastq	gs://ncbi-sra-europe/SRR9865565/312-01-B_R2_trimmed_paired_filtered_clean.fastq
SRR9865566	40	gs://ncbi-sra-europe/SRR9865566/312-01-C_R1_trimmed_paired_filtered_clean.fastq	gs://ncbi-sra-europe/SRR9865566/312-01-C_R2_trimmed_paired_filtered_clean.fastq
SRR9865567	47	gs://ncbi-sra-europe/SRR9865567/C027-1-I_R1_trimmed_paired_filtered_clean.fastq	gs://ncbi-sra-europe/SRR9865567/C027-1-I_R2_trimmed_paired_filtered_clean.fastq
SRR9865568	47	gs://ncbi-sra-europe/SRR9865568/C027-1-H_R1_trimmed_paired_filtered_clean.fastq	gs://ncbi-sra-europe/SRR9865568/C027-1-H_R2_trimmed_paired_filtered_clean.fastq
SRR9865569	36	gs://ncbi-sra-europe/SRR9865569/C027-2-B_R1_trimmed_paired_filtered_clean.fastq	gs://ncbi-sra-europe/SRR9865569/C027-2-B_R2_trimmed_paired_filtered_clean.fastq
SRR9865570	47	gs://ncbi-sra-europe/SRR9865570/C027-1-J_R1_trimmed_paired_filtered_clean.fastq	gs://ncbi-sra-europe/SRR9865570/C027-1-J_R2_trimmed_paired_filtered_clean.fastq
SRR9865571	36	gs://ncbi-sra-europe/SRR9865571/C027-2-D_R1_trimmed_paired_filtered_clean.fastq	gs://ncbi-sra-europe/SRR9865571/C027-2-D_R2_trimmed_paired_filtered_clean.fastq
SRR9865572	36	gs://ncbi-sra-europe/SRR9865572/C027-2-C_R1_trimmed_paired_filtered_clean.fastq	gs://ncbi-sra-europe/SRR9865572/C027-2-C_R2_trimmed_paired_filtered_clean.fastq
SRR9865573	27	gs://ncbi-sra-europe/SRR9865573/C045-2-G_R1_trimmed_paired_filtered_clean.fastq	gs://ncbi-sra-europe/SRR9865573/C045-2-G_R2_trimmed_paired_filtered_clean.fastq
SRR9865574	27	gs://ncbi-sra-europe/SRR9865574/C045-2-I_R1_trimmed_paired_filtered_clean.fastq	gs://ncbi-sra-europe/SRR9865574/C045-2-I_R2_trimmed_paired_filtered_clean.fastq
SRR9865575	42	gs://ncbi-sra-europe/SRR9865575/C018-1-A_R1_trimmed_paired_filtered_clean.fastq	gs://ncbi-sra-europe/SRR9865575/C018-1-A_R2_trimmed_paired_filtered_clean.fastq
SRR9865576	32	gs://ncbi-sra-europe/SRR9865576/C014-1-K_R1_trimmed_paired_filtered_clean.fastq	gs://ncbi-sra-europe/SRR9865576/C014-1-K_R2_trimmed_paired_filtered_clean.fastq
SRR9865577	32	gs://ncbi-sra-europe/SRR9865577/C014-1-J_R1_trimmed_paired_filtered_clean.fastq	gs://ncbi-sra-europe/SRR9865577/C014-1-J_R2_trimmed_paired_filtered_clean.fastq
SRR9865578	32	gs://ncbi-sra-europe/SRR9865578/C014-1-I_R1_trimmed_paired_filtered_clean.fastq	gs://ncbi-sra-europe/SRR9865578/C014-1-I_R2_trimmed_paired_filtered_clean.fastq
SRR9865579	32	gs://ncbi-sra-europe/SRR9865579/C014-1-H_R1_trimmed_paired_filtered_clean.fastq	gs://ncbi-sra-europe/SRR9865579/C014-1-H_R2_trimmed_paired_filtered_clean.fastq
SRR9865580	32	gs://ncbi-sra-europe/SRR9865580/C014-1-G_R1_trimmed_paired_filtered_clean.fastq	gs://ncbi-sra-europe/SRR9865580/C014-1-G_R2_trimmed_paired_filtered_clean.fastq
SRR9865581	32	gs://ncbi-sra-europe/SRR9865581/C014-1-F_R1_trimmed_paired_filtered_clean.fastq	gs://ncbi-sra-europe/SRR9865581/C014-1-F_R2_trimmed_paired_filtered_clean.fastq
SRR9865582	32	gs://ncbi-sra-europe/SRR9865582/C014-1-E_R1_trimmed_paired_filtered_clean.fastq	gs://ncbi-sra-europe/SRR9865582/C014-1-E_R2_trimmed_paired_filtered_clean.fastq
SRR9865583	49	gs://ncbi-sra-europe/SRR9865583/C045-1-J_R1_trimmed_paired_filtered_clean.fastq	gs://ncbi-sra-europe/SRR9865583/C045-1-J_R2_trimmed_paired_filtered_clean.fastq
SRR9865584	49	gs://ncbi-sra-europe/SRR9865584/C045-1-K_R1_trimmed_paired_filtered_clean.fastq	gs://ncbi-sra-europe/SRR9865584/C045-1-K_R2_trimmed_paired_filtered_clean.fastq
SRR9865585	27	gs://ncbi-sra-europe/SRR9865585/C045-2-A_R1_trimmed_paired_filtered_clean.fastq	gs://ncbi-sra-europe/SRR9865585/C045-2-A_R2_trimmed_paired_filtered_clean.fastq
SRR9865586	27	gs://ncbi-sra-europe/SRR9865586/C045-2-B_R1_trimmed_paired_filtered_clean.fastq	gs://ncbi-sra-europe/SRR9865586/C045-2-B_R2_trimmed_paired_filtered_clean.fastq
SRR9865587	32	gs://ncbi-sra-europe/SRR9865587/C014-1-B_R1_trimmed_paired_filtered_clean.fastq	gs://ncbi-sra-europe/SRR9865587/C014-1-B_R2_trimmed_paired_filtered_clean.fastq
SRR9865588	32	gs://ncbi-sra-europe/SRR9865588/C014-1-A_R1_trimmed_paired_filtered_clean.fastq	gs://ncbi-sra-europe/SRR9865588/C014-1-A_R2_trimmed_paired_filtered_clean.fastq
SRR9865589	54	gs://ncbi-sra-europe/SRR9865589/C004-2-F_R1_trimmed_paired_filtered_clean.fastq	gs://ncbi-sra-europe/SRR9865589/C004-2-F_R2_trimmed_paired_filtered_clean.fastq
SRR9865590	54	gs://ncbi-sra-europe/SRR9865590/C004-2-E_R1_trimmed_paired_filtered_clean.fastq	gs://ncbi-sra-europe/SRR9865590/C004-2-E_R2_trimmed_paired_filtered_clean.fastq
SRR9865591	54	gs://ncbi-sra-europe/SRR9865591/C004-2-H_R1_trimmed_paired_filtered_clean.fastq	gs://ncbi-sra-europe/SRR9865591/C004-2-H_R2_trimmed_paired_filtered_clean.fastq
SRR9865592	54	gs://ncbi-sra-europe/SRR9865592/C004-2-G_R1_trimmed_paired_filtered_clean.fastq	gs://ncbi-sra-europe/SRR9865592/C004-2-G_R2_trimmed_paired_filtered_clean.fastq
SRR9865593	32	gs://ncbi-sra-europe/SRR9865593/C014-1-D_R1_trimmed_paired_filtered_clean.fastq	gs://ncbi-sra-europe/SRR9865593/C014-1-D_R2_trimmed_paired_filtered_clean.fastq
SRR9865594	32	gs://ncbi-sra-europe/SRR9865594/C014-1-C_R1_trimmed_paired_filtered_clean.fastq	gs://ncbi-sra-europe/SRR9865594/C014-1-C_R2_trimmed_paired_filtered_clean.fastq
SRR9865595	34	gs://ncbi-sra-europe/SRR9865595/C039-2-H_R1_trimmed_paired_filtered_clean.fastq	gs://ncbi-sra-europe/SRR9865595/C039-2-H_R2_trimmed_paired_filtered_clean.fastq
SRR9865596	9	gs://ncbi-sra-europe/SRR9865596/C047-1-F_R1_trimmed_paired_filtered_clean.fastq	gs://ncbi-sra-europe/SRR9865596/C047-1-F_R2_trimmed_paired_filtered_clean.fastq
SRR9865597	9	gs://ncbi-sra-europe/SRR9865597/C047-1-E_R1_trimmed_paired_filtered_clean.fastq	gs://ncbi-sra-europe/SRR9865597/C047-1-E_R2_trimmed_paired_filtered_clean.fastq
SRR9865598	9	gs://ncbi-sra-europe/SRR9865598/C047-1-D_R1_trimmed_paired_filtered_clean.fastq	gs://ncbi-sra-europe/SRR9865598/C047-1-D_R2_trimmed_paired_filtered_clean.fastq
SRR9865599	9	gs://ncbi-sra-europe/SRR9865599/C047-1-C_R1_trimmed_paired_filtered_clean.fastq	gs://ncbi-sra-europe/SRR9865599/C047-1-C_R2_trimmed_paired_filtered_clean.fastq
SRR9865600	9	gs://ncbi-sra-europe/SRR9865600/C047-1-B_R1_trimmed_paired_filtered_clean.fastq	gs://ncbi-sra-europe/SRR9865600/C047-1-B_R2_trimmed_paired_filtered_clean.fastq
SRR9865601	9	gs://ncbi-sra-europe/SRR9865601/C047-1-A_R1_trimmed_paired_filtered_clean.fastq	gs://ncbi-sra-europe/SRR9865601/C047-1-A_R2_trimmed_paired_filtered_clean.fastq
SRR9865602	27	gs://ncbi-sra-europe/SRR9865602/C045-2-K_R1_trimmed_paired_filtered_clean.fastq	gs://ncbi-sra-europe/SRR9865602/C045-2-K_R2_trimmed_paired_filtered_clean.fastq
SRR9865603	37	gs://ncbi-sra-europe/SRR9865603/378-01-H_R1_trimmed_paired_filtered_clean.fastq	gs://ncbi-sra-europe/SRR9865603/378-01-H_R2_trimmed_paired_filtered_clean.fastq
SRR9865604	2	gs://ncbi-sra-europe/SRR9865604/379-01-A_R1_trimmed_paired_filtered_clean.fastq	gs://ncbi-sra-europe/SRR9865604/379-01-A_R2_trimmed_paired_filtered_clean.fastq
SRR9865605	37	gs://ncbi-sra-europe/SRR9865605/378-01-B_R1_trimmed_paired_filtered_clean.fastq	gs://ncbi-sra-europe/SRR9865605/378-01-B_R2_trimmed_paired_filtered_clean.fastq
SRR9865606	37	gs://ncbi-sra-europe/SRR9865606/378-01-C_R1_trimmed_paired_filtered_clean.fastq	gs://ncbi-sra-europe/SRR9865606/378-01-C_R2_trimmed_paired_filtered_clean.fastq
SRR9865607	7	gs://ncbi-sra-europe/SRR9865607/377-01-G_R1_trimmed_paired_filtered_clean.fastq	gs://ncbi-sra-europe/SRR9865607/377-01-G_R2_trimmed_paired_filtered_clean.fastq
SRR9865608	37	gs://ncbi-sra-europe/SRR9865608/378-01-A_R1_trimmed_paired_filtered_clean.fastq	gs://ncbi-sra-europe/SRR9865608/378-01-A_R2_trimmed_paired_filtered_clean.fastq
SRR9865609	37	gs://ncbi-sra-europe/SRR9865609/378-01-F_R1_trimmed_paired_filtered_clean.fastq	gs://ncbi-sra-europe/SRR9865609/378-01-F_R2_trimmed_paired_filtered_clean.fastq
SRR9865610	37	gs://ncbi-sra-europe/SRR9865610/378-01-G_R1_trimmed_paired_filtered_clean.fastq	gs://ncbi-sra-europe/SRR9865610/378-01-G_R2_trimmed_paired_filtered_clean.fastq
SRR9865611	27	gs://ncbi-sra-europe/SRR9865611/C045-2-J_R1_trimmed_paired_filtered_clean.fastq	gs://ncbi-sra-europe/SRR9865611/C045-2-J_R2_trimmed_paired_filtered_clean.fastq
SRR9865612	9	gs://ncbi-sra-europe/SRR9865612/C047-1-I_R1_trimmed_paired_filtered_clean.fastq	gs://ncbi-sra-europe/SRR9865612/C047-1-I_R2_trimmed_paired_filtered_clean.fastq
SRR9865613	9	gs://ncbi-sra-europe/SRR9865613/C047-1-H_R1_trimmed_paired_filtered_clean.fastq	gs://ncbi-sra-europe/SRR9865613/C047-1-H_R2_trimmed_paired_filtered_clean.fastq
SRR9865614	15	gs://ncbi-sra-europe/SRR9865614/C002-1-C_R1_trimmed_paired_filtered_clean.fastq	gs://ncbi-sra-europe/SRR9865614/C002-1-C_R2_trimmed_paired_filtered_clean.fastq
SRR9865615	15	gs://ncbi-sra-europe/SRR9865615/C002-1-D_R1_trimmed_paired_filtered_clean.fastq	gs://ncbi-sra-europe/SRR9865615/C002-1-D_R2_trimmed_paired_filtered_clean.fastq
SRR9865616	13	gs://ncbi-sra-europe/SRR9865616/441-01-C_R1_trimmed_paired_filtered_clean.fastq	gs://ncbi-sra-europe/SRR9865616/441-01-C_R2_trimmed_paired_filtered_clean.fastq
SRR9865617	13	gs://ncbi-sra-europe/SRR9865617/441-01-D_R1_trimmed_paired_filtered_clean.fastq	gs://ncbi-sra-europe/SRR9865617/441-01-D_R2_trimmed_paired_filtered_clean.fastq
SRR9865618	13	gs://ncbi-sra-europe/SRR9865618/441-01-E_R1_trimmed_paired_filtered_clean.fastq	gs://ncbi-sra-europe/SRR9865618/441-01-E_R2_trimmed_paired_filtered_clean.fastq
SRR9865619	37	gs://ncbi-sra-europe/SRR9865619/378-01-D_R1_trimmed_paired_filtered_clean.fastq	gs://ncbi-sra-europe/SRR9865619/378-01-D_R2_trimmed_paired_filtered_clean.fastq
SRR9865620	37	gs://ncbi-sra-europe/SRR9865620/378-01-E_R1_trimmed_paired_filtered_clean.fastq	gs://ncbi-sra-europe/SRR9865620/378-01-E_R2_trimmed_paired_filtered_clean.fastq
SRR9865621	3	gs://ncbi-sra-europe/SRR9865621/C043-2-G_R1_trimmed_paired_filtered_clean.fastq	gs://ncbi-sra-europe/SRR9865621/C043-2-G_R2_trimmed_paired_filtered_clean.fastq
SRR9865622	29	gs://ncbi-sra-europe/SRR9865622/303-01-G_R1_trimmed_paired_filtered_clean.fastq	gs://ncbi-sra-europe/SRR9865622/303-01-G_R2_trimmed_paired_filtered_clean.fastq
SRR9865623	43	gs://ncbi-sra-europe/SRR9865623/304-01-A_R1_trimmed_paired_filtered_clean.fastq	gs://ncbi-sra-europe/SRR9865623/304-01-A_R2_trimmed_paired_filtered_clean.fastq
SRR9865624	29	gs://ncbi-sra-europe/SRR9865624/303-01-E_R1_trimmed_paired_filtered_clean.fastq	gs://ncbi-sra-europe/SRR9865624/303-01-E_R2_trimmed_paired_filtered_clean.fastq
SRR9865625	5	gs://ncbi-sra-europe/SRR9865625/425-01-G_R1_trimmed_paired_filtered_clean.fastq	gs://ncbi-sra-europe/SRR9865625/425-01-G_R2_trimmed_paired_filtered_clean.fastq
SRR9865626	5	gs://ncbi-sra-europe/SRR9865626/425-01-D_R1_trimmed_paired_filtered_clean.fastq	gs://ncbi-sra-europe/SRR9865626/425-01-D_R2_trimmed_paired_filtered_clean.fastq
SRR9865627	13	gs://ncbi-sra-europe/SRR9865627/441-01-F_R1_trimmed_paired_filtered_clean.fastq	gs://ncbi-sra-europe/SRR9865627/441-01-F_R2_trimmed_paired_filtered_clean.fastq
SRR9865628	13	gs://ncbi-sra-europe/SRR9865628/441-01-G_R1_trimmed_paired_filtered_clean.fastq	gs://ncbi-sra-europe/SRR9865628/441-01-G_R2_trimmed_paired_filtered_clean.fastq
SRR9865629	13	gs://ncbi-sra-europe/SRR9865629/441-01-H_R1_trimmed_paired_filtered_clean.fastq	gs://ncbi-sra-europe/SRR9865629/441-01-H_R2_trimmed_paired_filtered_clean.fastq
SRR9865630	13	gs://ncbi-sra-europe/SRR9865630/441-01-I_R1_trimmed_paired_filtered_clean.fastq	gs://ncbi-sra-europe/SRR9865630/441-01-I_R2_trimmed_paired_filtered_clean.fastq
SRR9865631	15	gs://ncbi-sra-europe/SRR9865631/C002-1-B_R1_trimmed_paired_filtered_clean.fastq	gs://ncbi-sra-europe/SRR9865631/C002-1-B_R2_trimmed_paired_filtered_clean.fastq
SRR9865632	52	gs://ncbi-sra-europe/SRR9865632/C033-1-H_R1_trimmed_paired_filtered_clean.fastq	gs://ncbi-sra-europe/SRR9865632/C033-1-H_R2_trimmed_paired_filtered_clean.fastq
SRR9865633	52	gs://ncbi-sra-europe/SRR9865633/C033-1-G_R1_trimmed_paired_filtered_clean.fastq	gs://ncbi-sra-europe/SRR9865633/C033-1-G_R2_trimmed_paired_filtered_clean.fastq
SRR9865634	52	gs://ncbi-sra-europe/SRR9865634/C033-1-F_R1_trimmed_paired_filtered_clean.fastq	gs://ncbi-sra-europe/SRR9865634/C033-1-F_R2_trimmed_paired_filtered_clean.fastq
SRR9865635	5	gs://ncbi-sra-europe/SRR9865635/425-01-E_R1_trimmed_paired_filtered_clean.fastq	gs://ncbi-sra-europe/SRR9865635/425-01-E_R2_trimmed_paired_filtered_clean.fastq
SRR9865636	8	gs://ncbi-sra-europe/SRR9865636/427-01-C_R1_trimmed_paired_filtered_clean.fastq	gs://ncbi-sra-europe/SRR9865636/427-01-C_R2_trimmed_paired_filtered_clean.fastq
SRR9865637	6	gs://ncbi-sra-europe/SRR9865637/C042-2-G_R1_trimmed_paired_filtered_clean.fastq	gs://ncbi-sra-europe/SRR9865637/C042-2-G_R2_trimmed_paired_filtered_clean.fastq
SRR9865638	8	gs://ncbi-sra-europe/SRR9865638/427-01-A_R1_trimmed_paired_filtered_clean.fastq	gs://ncbi-sra-europe/SRR9865638/427-01-A_R2_trimmed_paired_filtered_clean.fastq
SRR9865639	8	gs://ncbi-sra-europe/SRR9865639/427-01-B_R1_trimmed_paired_filtered_clean.fastq	gs://ncbi-sra-europe/SRR9865639/427-01-B_R2_trimmed_paired_filtered_clean.fastq
SRR9865640	6	gs://ncbi-sra-europe/SRR9865640/C042-2-D_R1_trimmed_paired_filtered_clean.fastq	gs://ncbi-sra-europe/SRR9865640/C042-2-D_R2_trimmed_paired_filtered_clean.fastq
SRR9865641	6	gs://ncbi-sra-europe/SRR9865641/C042-2-C_R1_trimmed_paired_filtered_clean.fastq	gs://ncbi-sra-europe/SRR9865641/C042-2-C_R2_trimmed_paired_filtered_clean.fastq
SRR9865642	8	gs://ncbi-sra-europe/SRR9865642/427-01-F_R1_trimmed_paired_filtered_clean.fastq	gs://ncbi-sra-europe/SRR9865642/427-01-F_R2_trimmed_paired_filtered_clean.fastq
SRR9865643	52	gs://ncbi-sra-europe/SRR9865643/C033-1-E_R1_trimmed_paired_filtered_clean.fastq	gs://ncbi-sra-europe/SRR9865643/C033-1-E_R2_trimmed_paired_filtered_clean.fastq
SRR9865644	19	gs://ncbi-sra-europe/SRR9865644/C039-1-D_R1_trimmed_paired_filtered_clean.fastq	gs://ncbi-sra-europe/SRR9865644/C039-1-D_R2_trimmed_paired_filtered_clean.fastq
SRR9865645	19	gs://ncbi-sra-europe/SRR9865645/C039-1-C_R1_trimmed_paired_filtered_clean.fastq	gs://ncbi-sra-europe/SRR9865645/C039-1-C_R2_trimmed_paired_filtered_clean.fastq
SRR9865646	19	gs://ncbi-sra-europe/SRR9865646/C039-1-B_R1_trimmed_paired_filtered_clean.fastq	gs://ncbi-sra-europe/SRR9865646/C039-1-B_R2_trimmed_paired_filtered_clean.fastq
SRR9865647	52	gs://ncbi-sra-europe/SRR9865647/C033-1-I_R1_trimmed_paired_filtered_clean.fastq	gs://ncbi-sra-europe/SRR9865647/C033-1-I_R2_trimmed_paired_filtered_clean.fastq
SRR9865648	19	gs://ncbi-sra-europe/SRR9865648/C039-1-F_R1_trimmed_paired_filtered_clean.fastq	gs://ncbi-sra-europe/SRR9865648/C039-1-F_R2_trimmed_paired_filtered_clean.fastq
SRR9865649	19	gs://ncbi-sra-europe/SRR9865649/C039-1-E_R1_trimmed_paired_filtered_clean.fastq	gs://ncbi-sra-europe/SRR9865649/C039-1-E_R2_trimmed_paired_filtered_clean.fastq
SRR9865650	48	gs://ncbi-sra-europe/SRR9865650/337-01-I_R1_trimmed_paired_filtered_clean.fastq	gs://ncbi-sra-europe/SRR9865650/337-01-I_R2_trimmed_paired_filtered_clean.fastq
SRR9865651	8	gs://ncbi-sra-europe/SRR9865651/427-01-G_R1_trimmed_paired_filtered_clean.fastq	gs://ncbi-sra-europe/SRR9865651/427-01-G_R2_trimmed_paired_filtered_clean.fastq
SRR9865652	5	gs://ncbi-sra-europe/SRR9865652/425-01-A_R1_trimmed_paired_filtered_clean.fastq	gs://ncbi-sra-europe/SRR9865652/425-01-A_R2_trimmed_paired_filtered_clean.fastq
SRR9865653	34	gs://ncbi-sra-europe/SRR9865653/C039-2-G_R1_trimmed_paired_filtered_clean.fastq	gs://ncbi-sra-europe/SRR9865653/C039-2-G_R2_trimmed_paired_filtered_clean.fastq
SRR9865654	6	gs://ncbi-sra-europe/SRR9865654/C042-2-B_R1_trimmed_paired_filtered_clean.fastq	gs://ncbi-sra-europe/SRR9865654/C042-2-B_R2_trimmed_paired_filtered_clean.fastq
SRR9865655	34	gs://ncbi-sra-europe/SRR9865655/C039-2-I_R1_trimmed_paired_filtered_clean.fastq	gs://ncbi-sra-europe/SRR9865655/C039-2-I_R2_trimmed_paired_filtered_clean.fastq
SRR9865656	29	gs://ncbi-sra-europe/SRR9865656/303-01-D_R1_trimmed_paired_filtered_clean.fastq	gs://ncbi-sra-europe/SRR9865656/303-01-D_R2_trimmed_paired_filtered_clean.fastq
SRR9865657	46	gs://ncbi-sra-europe/SRR9865657/422-01-F_R1_trimmed_paired_filtered_clean.fastq	gs://ncbi-sra-europe/SRR9865657/422-01-F_R2_trimmed_paired_filtered_clean.fastq
SRR9865658	46	gs://ncbi-sra-europe/SRR9865658/422-01-E_R1_trimmed_paired_filtered_clean.fastq	gs://ncbi-sra-europe/SRR9865658/422-01-E_R2_trimmed_paired_filtered_clean.fastq
SRR9865659	48	gs://ncbi-sra-europe/SRR9865659/337-01-H_R1_trimmed_paired_filtered_clean.fastq	gs://ncbi-sra-europe/SRR9865659/337-01-H_R2_trimmed_paired_filtered_clean.fastq
SRR9865660	48	gs://ncbi-sra-europe/SRR9865660/337-01-A_R1_trimmed_paired_filtered_clean.fastq	gs://ncbi-sra-europe/SRR9865660/337-01-A_R2_trimmed_paired_filtered_clean.fastq
SRR9865661	28	gs://ncbi-sra-europe/SRR9865661/336-01-I_R1_trimmed_paired_filtered_clean.fastq	gs://ncbi-sra-europe/SRR9865661/336-01-I_R2_trimmed_paired_filtered_clean.fastq
SRR9865662	28	gs://ncbi-sra-europe/SRR9865662/336-01-H_R1_trimmed_paired_filtered_clean.fastq	gs://ncbi-sra-europe/SRR9865662/336-01-H_R2_trimmed_paired_filtered_clean.fastq
SRR9865663	28	gs://ncbi-sra-europe/SRR9865663/336-01-G_R1_trimmed_paired_filtered_clean.fastq	gs://ncbi-sra-europe/SRR9865663/336-01-G_R2_trimmed_paired_filtered_clean.fastq
SRR9865664	48	gs://ncbi-sra-europe/SRR9865664/337-01-G_R1_trimmed_paired_filtered_clean.fastq	gs://ncbi-sra-europe/SRR9865664/337-01-G_R2_trimmed_paired_filtered_clean.fastq
SRR9865665	48	gs://ncbi-sra-europe/SRR9865665/337-01-D_R1_trimmed_paired_filtered_clean.fastq	gs://ncbi-sra-europe/SRR9865665/337-01-D_R2_trimmed_paired_filtered_clean.fastq
SRR9865666	48	gs://ncbi-sra-europe/SRR9865666/337-01-C_R1_trimmed_paired_filtered_clean.fastq	gs://ncbi-sra-europe/SRR9865666/337-01-C_R2_trimmed_paired_filtered_clean.fastq
SRR9865667	40	gs://ncbi-sra-europe/SRR9865667/312-01-E_R1_trimmed_paired_filtered_clean.fastq	gs://ncbi-sra-europe/SRR9865667/312-01-E_R2_trimmed_paired_filtered_clean.fastq
SRR9865668	18	gs://ncbi-sra-europe/SRR9865668/340-01-A_R1_trimmed_paired_filtered_clean.fastq	gs://ncbi-sra-europe/SRR9865668/340-01-A_R2_trimmed_paired_filtered_clean.fastq
SRR9865669	18	gs://ncbi-sra-europe/SRR9865669/340-01-B_R1_trimmed_paired_filtered_clean.fastq	gs://ncbi-sra-europe/SRR9865669/340-01-B_R2_trimmed_paired_filtered_clean.fastq
SRR9865670	18	gs://ncbi-sra-europe/SRR9865670/340-01-C_R1_trimmed_paired_filtered_clean.fastq	gs://ncbi-sra-europe/SRR9865670/340-01-C_R2_trimmed_paired_filtered_clean.fastq
SRR9865671	6	gs://ncbi-sra-europe/SRR9865671/C042-2-I_R1_trimmed_paired_filtered_clean.fastq	gs://ncbi-sra-europe/SRR9865671/C042-2-I_R2_trimmed_paired_filtered_clean.fastq
SRR9865672	31	gs://ncbi-sra-europe/SRR9865672/343-01-H_R1_trimmed_paired_filtered_clean.fastq	gs://ncbi-sra-europe/SRR9865672/343-01-H_R2_trimmed_paired_filtered_clean.fastq
SRR9865673	31	gs://ncbi-sra-europe/SRR9865673/343-01-I_R1_trimmed_paired_filtered_clean.fastq	gs://ncbi-sra-europe/SRR9865673/343-01-I_R2_trimmed_paired_filtered_clean.fastq
SRR9865674	33	gs://ncbi-sra-europe/SRR9865674/420-01-D_R1_trimmed_paired_filtered_clean.fastq	gs://ncbi-sra-europe/SRR9865674/420-01-D_R2_trimmed_paired_filtered_clean.fastq
SRR9865675	33	gs://ncbi-sra-europe/SRR9865675/420-01-E_R1_trimmed_paired_filtered_clean.fastq	gs://ncbi-sra-europe/SRR9865675/420-01-E_R2_trimmed_paired_filtered_clean.fastq
SRR9865676	51	gs://ncbi-sra-europe/SRR9865676/419-01-E_R1_trimmed_paired_filtered_clean.fastq	gs://ncbi-sra-europe/SRR9865676/419-01-E_R2_trimmed_paired_filtered_clean.fastq
SRR9865677	51	gs://ncbi-sra-europe/SRR9865677/419-01-F_R1_trimmed_paired_filtered_clean.fastq	gs://ncbi-sra-europe/SRR9865677/419-01-F_R2_trimmed_paired_filtered_clean.fastq
SRR9865678	51	gs://ncbi-sra-europe/SRR9865678/419-01-G_R1_trimmed_paired_filtered_clean.fastq	gs://ncbi-sra-europe/SRR9865678/419-01-G_R2_trimmed_paired_filtered_clean.fastq
SRR9865679	3	gs://ncbi-sra-europe/SRR9865679/C043-2-F_R1_trimmed_paired_filtered_clean.fastq	gs://ncbi-sra-europe/SRR9865679/C043-2-F_R2_trimmed_paired_filtered_clean.fastq
SRR9865680	3	gs://ncbi-sra-europe/SRR9865680/C043-2-E_R1_trimmed_paired_filtered_clean.fastq	gs://ncbi-sra-europe/SRR9865680/C043-2-E_R2_trimmed_paired_filtered_clean.fastq
SRR9865681	3	gs://ncbi-sra-europe/SRR9865681/C043-2-D_R1_trimmed_paired_filtered_clean.fastq	gs://ncbi-sra-europe/SRR9865681/C043-2-D_R2_trimmed_paired_filtered_clean.fastq
SRR9865682	6	gs://ncbi-sra-europe/SRR9865682/C042-2-J_R1_trimmed_paired_filtered_clean.fastq	gs://ncbi-sra-europe/SRR9865682/C042-2-J_R2_trimmed_paired_filtered_clean.fastq
SRR9865683	29	gs://ncbi-sra-europe/SRR9865683/303-01-F_R1_trimmed_paired_filtered_clean.fastq	gs://ncbi-sra-europe/SRR9865683/303-01-F_R2_trimmed_paired_filtered_clean.fastq
SRR9865684	26	gs://ncbi-sra-europe/SRR9865684/357-01-I_R1_trimmed_paired_filtered_clean.fastq	gs://ncbi-sra-europe/SRR9865684/357-01-I_R2_trimmed_paired_filtered_clean.fastq
SRR9865685	26	gs://ncbi-sra-europe/SRR9865685/357-01-J_R1_trimmed_paired_filtered_clean.fastq	gs://ncbi-sra-europe/SRR9865685/357-01-J_R2_trimmed_paired_filtered_clean.fastq
SRR9865686	26	gs://ncbi-sra-europe/SRR9865686/357-01-G_R1_trimmed_paired_filtered_clean.fastq	gs://ncbi-sra-europe/SRR9865686/357-01-G_R2_trimmed_paired_filtered_clean.fastq
SRR9865687	26	gs://ncbi-sra-europe/SRR9865687/357-01-H_R1_trimmed_paired_filtered_clean.fastq	gs://ncbi-sra-europe/SRR9865687/357-01-H_R2_trimmed_paired_filtered_clean.fastq
SRR9865688	26	gs://ncbi-sra-europe/SRR9865688/357-01-E_R1_trimmed_paired_filtered_clean.fastq	gs://ncbi-sra-europe/SRR9865688/357-01-E_R2_trimmed_paired_filtered_clean.fastq
SRR9865689	26	gs://ncbi-sra-europe/SRR9865689/357-01-F_R1_trimmed_paired_filtered_clean.fastq	gs://ncbi-sra-europe/SRR9865689/357-01-F_R2_trimmed_paired_filtered_clean.fastq
SRR9865690	3	gs://ncbi-sra-europe/SRR9865690/C043-2-C_R1_trimmed_paired_filtered_clean.fastq	gs://ncbi-sra-europe/SRR9865690/C043-2-C_R2_trimmed_paired_filtered_clean.fastq
SRR9865691	3	gs://ncbi-sra-europe/SRR9865691/C043-2-B_R1_trimmed_paired_filtered_clean.fastq	gs://ncbi-sra-europe/SRR9865691/C043-2-B_R2_trimmed_paired_filtered_clean.fastq
SRR9865692	3	gs://ncbi-sra-europe/SRR9865692/C043-2-A_R1_trimmed_paired_filtered_clean.fastq	gs://ncbi-sra-europe/SRR9865692/C043-2-A_R2_trimmed_paired_filtered_clean.fastq
SRR9865693	33	gs://ncbi-sra-europe/SRR9865693/420-01-G_R1_trimmed_paired_filtered_clean.fastq	gs://ncbi-sra-europe/SRR9865693/420-01-G_R2_trimmed_paired_filtered_clean.fastq
SRR9865694	33	gs://ncbi-sra-europe/SRR9865694/420-01-A_R1_trimmed_paired_filtered_clean.fastq	gs://ncbi-sra-europe/SRR9865694/420-01-A_R2_trimmed_paired_filtered_clean.fastq
SRR9865695	21	gs://ncbi-sra-europe/SRR9865695/C043-1-I_R1_trimmed_paired_filtered_clean.fastq	gs://ncbi-sra-europe/SRR9865695/C043-1-I_R2_trimmed_paired_filtered_clean.fastq
SRR9865696	17	gs://ncbi-sra-europe/SRR9865696/402-01-D_R1_trimmed_paired_filtered_clean.fastq	gs://ncbi-sra-europe/SRR9865696/402-01-D_R2_trimmed_paired_filtered_clean.fastq
SRR9865697	17	gs://ncbi-sra-europe/SRR9865697/402-01-C_R1_trimmed_paired_filtered_clean.fastq	gs://ncbi-sra-europe/SRR9865697/402-01-C_R2_trimmed_paired_filtered_clean.fastq
SRR9865698	26	gs://ncbi-sra-europe/SRR9865698/357-01-C_R1_trimmed_paired_filtered_clean.fastq	gs://ncbi-sra-europe/SRR9865698/357-01-C_R2_trimmed_paired_filtered_clean.fastq
SRR9865699	26	gs://ncbi-sra-europe/SRR9865699/357-01-D_R1_trimmed_paired_filtered_clean.fastq	gs://ncbi-sra-europe/SRR9865699/357-01-D_R2_trimmed_paired_filtered_clean.fastq
SRR9865700	44	gs://ncbi-sra-europe/SRR9865700/357-02-B_R1_trimmed_paired_filtered_clean.fastq	gs://ncbi-sra-europe/SRR9865700/357-02-B_R2_trimmed_paired_filtered_clean.fastq
SRR9865701	44	gs://ncbi-sra-europe/SRR9865701/357-02-C_R1_trimmed_paired_filtered_clean.fastq	gs://ncbi-sra-europe/SRR9865701/357-02-C_R2_trimmed_paired_filtered_clean.fastq
SRR9865702	36	gs://ncbi-sra-europe/SRR9865702/C027-2-G_R1_trimmed_paired_filtered_clean.fastq	gs://ncbi-sra-europe/SRR9865702/C027-2-G_R2_trimmed_paired_filtered_clean.fastq
SRR9865703	36	gs://ncbi-sra-europe/SRR9865703/C027-2-H_R1_trimmed_paired_filtered_clean.fastq	gs://ncbi-sra-europe/SRR9865703/C027-2-H_R2_trimmed_paired_filtered_clean.fastq
SRR9865704	36	gs://ncbi-sra-europe/SRR9865704/C027-2-E_R1_trimmed_paired_filtered_clean.fastq	gs://ncbi-sra-europe/SRR9865704/C027-2-E_R2_trimmed_paired_filtered_clean.fastq
SRR9865705	36	gs://ncbi-sra-europe/SRR9865705/C027-2-F_R1_trimmed_paired_filtered_clean.fastq	gs://ncbi-sra-europe/SRR9865705/C027-2-F_R2_trimmed_paired_filtered_clean.fastq
SRR9865706	25	gs://ncbi-sra-europe/SRR9865706/391-01-E_R1_trimmed_paired_filtered_clean.fastq	gs://ncbi-sra-europe/SRR9865706/391-01-E_R2_trimmed_paired_filtered_clean.fastq
SRR9865707	25	gs://ncbi-sra-europe/SRR9865707/391-01-D_R1_trimmed_paired_filtered_clean.fastq	gs://ncbi-sra-europe/SRR9865707/391-01-D_R2_trimmed_paired_filtered_clean.fastq
SRR9865708	17	gs://ncbi-sra-europe/SRR9865708/402-01-B_R1_trimmed_paired_filtered_clean.fastq	gs://ncbi-sra-europe/SRR9865708/402-01-B_R2_trimmed_paired_filtered_clean.fastq
SRR9865709	17	gs://ncbi-sra-europe/SRR9865709/402-01-A_R1_trimmed_paired_filtered_clean.fastq	gs://ncbi-sra-europe/SRR9865709/402-01-A_R2_trimmed_paired_filtered_clean.fastq
SRR9865710	25	gs://ncbi-sra-europe/SRR9865710/391-01-A_R1_trimmed_paired_filtered_clean.fastq	gs://ncbi-sra-europe/SRR9865710/391-01-A_R2_trimmed_paired_filtered_clean.fastq
SRR9865711	11	gs://ncbi-sra-europe/SRR9865711/389-01-F_R1_trimmed_paired_filtered_clean.fastq	gs://ncbi-sra-europe/SRR9865711/389-01-F_R2_trimmed_paired_filtered_clean.fastq
SRR9865712	25	gs://ncbi-sra-europe/SRR9865712/391-01-C_R1_trimmed_paired_filtered_clean.fastq	gs://ncbi-sra-europe/SRR9865712/391-01-C_R2_trimmed_paired_filtered_clean.fastq
SRR9865713	25	gs://ncbi-sra-europe/SRR9865713/391-01-B_R1_trimmed_paired_filtered_clean.fastq	gs://ncbi-sra-europe/SRR9865713/391-01-B_R2_trimmed_paired_filtered_clean.fastq
SRR9865714	36	gs://ncbi-sra-europe/SRR9865714/C027-2-K_R1_trimmed_paired_filtered_clean.fastq	gs://ncbi-sra-europe/SRR9865714/C027-2-K_R2_trimmed_paired_filtered_clean.fastq
SRR9865715	52	gs://ncbi-sra-europe/SRR9865715/C033-1-B_R1_trimmed_paired_filtered_clean.fastq	gs://ncbi-sra-europe/SRR9865715/C033-1-B_R2_trimmed_paired_filtered_clean.fastq
SRR9865716	36	gs://ncbi-sra-europe/SRR9865716/C027-2-I_R1_trimmed_paired_filtered_clean.fastq	gs://ncbi-sra-europe/SRR9865716/C027-2-I_R2_trimmed_paired_filtered_clean.fastq
SRR9865717	36	gs://ncbi-sra-europe/SRR9865717/C027-2-J_R1_trimmed_paired_filtered_clean.fastq	gs://ncbi-sra-europe/SRR9865717/C027-2-J_R2_trimmed_paired_filtered_clean.fastq
SRR9865718	52	gs://ncbi-sra-europe/SRR9865718/C033-1-C_R1_trimmed_paired_filtered_clean.fastq	gs://ncbi-sra-europe/SRR9865718/C033-1-C_R2_trimmed_paired_filtered_clean.fastq
SRR9865719	52	gs://ncbi-sra-europe/SRR9865719/C033-1-D_R1_trimmed_paired_filtered_clean.fastq	gs://ncbi-sra-europe/SRR9865719/C033-1-D_R2_trimmed_paired_filtered_clean.fastq
SRR9865720	50	gs://ncbi-sra-europe/SRR9865720/350-02-I_R1_trimmed_paired_filtered_clean.fastq	gs://ncbi-sra-europe/SRR9865720/350-02-I_R2_trimmed_paired_filtered_clean.fastq
SRR9865721	4	gs://ncbi-sra-europe/SRR9865721/354-01-A_R1_trimmed_paired_filtered_clean.fastq	gs://ncbi-sra-europe/SRR9865721/354-01-A_R2_trimmed_paired_filtered_clean.fastq
SRR9865722	50	gs://ncbi-sra-europe/SRR9865722/350-02-G_R1_trimmed_paired_filtered_clean.fastq	gs://ncbi-sra-europe/SRR9865722/350-02-G_R2_trimmed_paired_filtered_clean.fastq
SRR9865723	50	gs://ncbi-sra-europe/SRR9865723/350-02-H_R1_trimmed_paired_filtered_clean.fastq	gs://ncbi-sra-europe/SRR9865723/350-02-H_R2_trimmed_paired_filtered_clean.fastq
SRR9865724	50	gs://ncbi-sra-europe/SRR9865724/350-02-E_R1_trimmed_paired_filtered_clean.fastq	gs://ncbi-sra-europe/SRR9865724/350-02-E_R2_trimmed_paired_filtered_clean.fastq
SRR9865725	50	gs://ncbi-sra-europe/SRR9865725/350-02-F_R1_trimmed_paired_filtered_clean.fastq	gs://ncbi-sra-europe/SRR9865725/350-02-F_R2_trimmed_paired_filtered_clean.fastq
SRR9865726	38	gs://ncbi-sra-europe/SRR9865726/412-01-F_R1_trimmed_paired_filtered_clean.fastq	gs://ncbi-sra-europe/SRR9865726/412-01-F_R2_trimmed_paired_filtered_clean.fastq
SRR9865727	38	gs://ncbi-sra-europe/SRR9865727/412-01-G_R1_trimmed_paired_filtered_clean.fastq	gs://ncbi-sra-europe/SRR9865727/412-01-G_R2_trimmed_paired_filtered_clean.fastq
SRR9865728	38	gs://ncbi-sra-europe/SRR9865728/412-01-D_R1_trimmed_paired_filtered_clean.fastq	gs://ncbi-sra-europe/SRR9865728/412-01-D_R2_trimmed_paired_filtered_clean.fastq
SRR9865729	38	gs://ncbi-sra-europe/SRR9865729/412-01-E_R1_trimmed_paired_filtered_clean.fastq	gs://ncbi-sra-europe/SRR9865729/412-01-E_R2_trimmed_paired_filtered_clean.fastq
SRR9865730	21	gs://ncbi-sra-europe/SRR9865730/C043-1-K_R1_trimmed_paired_filtered_clean.fastq	gs://ncbi-sra-europe/SRR9865730/C043-1-K_R2_trimmed_paired_filtered_clean.fastq
SRR9865731	21	gs://ncbi-sra-europe/SRR9865731/C043-1-J_R1_trimmed_paired_filtered_clean.fastq	gs://ncbi-sra-europe/SRR9865731/C043-1-J_R2_trimmed_paired_filtered_clean.fastq
SRR9865732	16	gs://ncbi-sra-europe/SRR9865732/386-01-D_R1_trimmed_paired_filtered_clean.fastq	gs://ncbi-sra-europe/SRR9865732/386-01-D_R2_trimmed_paired_filtered_clean.fastq
SRR9865733	16	gs://ncbi-sra-europe/SRR9865733/386-01-E_R1_trimmed_paired_filtered_clean.fastq	gs://ncbi-sra-europe/SRR9865733/386-01-E_R2_trimmed_paired_filtered_clean.fastq
SRR9865734	16	gs://ncbi-sra-europe/SRR9865734/386-01-F_R1_trimmed_paired_filtered_clean.fastq	gs://ncbi-sra-europe/SRR9865734/386-01-F_R2_trimmed_paired_filtered_clean.fastq
SRR9865735	16	gs://ncbi-sra-europe/SRR9865735/386-01-G_R1_trimmed_paired_filtered_clean.fastq	gs://ncbi-sra-europe/SRR9865735/386-01-G_R2_trimmed_paired_filtered_clean.fastq
SRR9865736	5	gs://ncbi-sra-europe/SRR9865736/425-01-F_R1_trimmed_paired_filtered_clean.fastq	gs://ncbi-sra-europe/SRR9865736/425-01-F_R2_trimmed_paired_filtered_clean.fastq
SRR9865737	11	gs://ncbi-sra-europe/SRR9865737/389-01-A_R1_trimmed_paired_filtered_clean.fastq	gs://ncbi-sra-europe/SRR9865737/389-01-A_R2_trimmed_paired_filtered_clean.fastq
SRR9865738	48	gs://ncbi-sra-europe/SRR9865738/337-01-B_R1_trimmed_paired_filtered_clean.fastq	gs://ncbi-sra-europe/SRR9865738/337-01-B_R2_trimmed_paired_filtered_clean.fastq
SRR9865739	38	gs://ncbi-sra-europe/SRR9865739/412-01-B_R1_trimmed_paired_filtered_clean.fastq	gs://ncbi-sra-europe/SRR9865739/412-01-B_R2_trimmed_paired_filtered_clean.fastq
SRR9865740	38	gs://ncbi-sra-europe/SRR9865740/412-01-C_R1_trimmed_paired_filtered_clean.fastq	gs://ncbi-sra-europe/SRR9865740/412-01-C_R2_trimmed_paired_filtered_clean.fastq
SRR9865741	14	gs://ncbi-sra-europe/SRR9865741/406-01-H_R1_trimmed_paired_filtered_clean.fastq	gs://ncbi-sra-europe/SRR9865741/406-01-H_R2_trimmed_paired_filtered_clean.fastq
SRR9865742	38	gs://ncbi-sra-europe/SRR9865742/412-01-A_R1_trimmed_paired_filtered_clean.fastq	gs://ncbi-sra-europe/SRR9865742/412-01-A_R2_trimmed_paired_filtered_clean.fastq
SRR9865743	14	gs://ncbi-sra-europe/SRR9865743/406-01-F_R1_trimmed_paired_filtered_clean.fastq	gs://ncbi-sra-europe/SRR9865743/406-01-F_R2_trimmed_paired_filtered_clean.fastq
SRR9865744	14	gs://ncbi-sra-europe/SRR9865744/406-01-G_R1_trimmed_paired_filtered_clean.fastq	gs://ncbi-sra-europe/SRR9865744/406-01-G_R2_trimmed_paired_filtered_clean.fastq
SRR9865745	54	gs://ncbi-sra-europe/SRR9865745/C004-2-J_R1_trimmed_paired_filtered_clean.fastq	gs://ncbi-sra-europe/SRR9865745/C004-2-J_R2_trimmed_paired_filtered_clean.fastq
SRR9865746	54	gs://ncbi-sra-europe/SRR9865746/C004-2-I_R1_trimmed_paired_filtered_clean.fastq	gs://ncbi-sra-europe/SRR9865746/C004-2-I_R2_trimmed_paired_filtered_clean.fastq
SRR9865747	11	gs://ncbi-sra-europe/SRR9865747/389-01-B_R1_trimmed_paired_filtered_clean.fastq	gs://ncbi-sra-europe/SRR9865747/389-01-B_R2_trimmed_paired_filtered_clean.fastq
SRR9865748	11	gs://ncbi-sra-europe/SRR9865748/389-01-C_R1_trimmed_paired_filtered_clean.fastq	gs://ncbi-sra-europe/SRR9865748/389-01-C_R2_trimmed_paired_filtered_clean.fastq
SRR9865749	11	gs://ncbi-sra-europe/SRR9865749/389-01-D_R1_trimmed_paired_filtered_clean.fastq	gs://ncbi-sra-europe/SRR9865749/389-01-D_R2_trimmed_paired_filtered_clean.fastq
SRR9865750	11	gs://ncbi-sra-europe/SRR9865750/389-01-E_R1_trimmed_paired_filtered_clean.fastq	gs://ncbi-sra-europe/SRR9865750/389-01-E_R2_trimmed_paired_filtered_clean.fastq
SRR9865751	6	gs://ncbi-sra-europe/SRR9865751/C042-2-H_R1_trimmed_paired_filtered_clean.fastq	gs://ncbi-sra-europe/SRR9865751/C042-2-H_R2_trimmed_paired_filtered_clean.fastq
SRR9865752	8	gs://ncbi-sra-europe/SRR9865752/427-01-D_R1_trimmed_paired_filtered_clean.fastq	gs://ncbi-sra-europe/SRR9865752/427-01-D_R2_trimmed_paired_filtered_clean.fastq
SRR9865753	6	gs://ncbi-sra-europe/SRR9865753/C042-2-F_R1_trimmed_paired_filtered_clean.fastq	gs://ncbi-sra-europe/SRR9865753/C042-2-F_R2_trimmed_paired_filtered_clean.fastq
SRR9865754	6	gs://ncbi-sra-europe/SRR9865754/C042-2-E_R1_trimmed_paired_filtered_clean.fastq	gs://ncbi-sra-europe/SRR9865754/C042-2-E_R2_trimmed_paired_filtered_clean.fastq
SRR9865755	2	gs://ncbi-sra-europe/SRR9865755/379-01-D_R1_trimmed_paired_filtered_clean.fastq	gs://ncbi-sra-europe/SRR9865755/379-01-D_R2_trimmed_paired_filtered_clean.fastq
SRR9865756	2	gs://ncbi-sra-europe/SRR9865756/379-01-C_R1_trimmed_paired_filtered_clean.fastq	gs://ncbi-sra-europe/SRR9865756/379-01-C_R2_trimmed_paired_filtered_clean.fastq
SRR9865757	2	gs://ncbi-sra-europe/SRR9865757/379-01-B_R1_trimmed_paired_filtered_clean.fastq	gs://ncbi-sra-europe/SRR9865757/379-01-B_R2_trimmed_paired_filtered_clean.fastq
SRR9865758	33	gs://ncbi-sra-europe/SRR9865758/420-01-F_R1_trimmed_paired_filtered_clean.fastq	gs://ncbi-sra-europe/SRR9865758/420-01-F_R2_trimmed_paired_filtered_clean.fastq
SRR9865759	4	gs://ncbi-sra-europe/SRR9865759/354-01-C_R1_trimmed_paired_filtered_clean.fastq	gs://ncbi-sra-europe/SRR9865759/354-01-C_R2_trimmed_paired_filtered_clean.fastq
SRR9865760	22	gs://ncbi-sra-europe/SRR9865760/370-01-B_R1_trimmed_paired_filtered_clean.fastq	gs://ncbi-sra-europe/SRR9865760/370-01-B_R2_trimmed_paired_filtered_clean.fastq
SRR9865761	22	gs://ncbi-sra-europe/SRR9865761/370-01-C_R1_trimmed_paired_filtered_clean.fastq	gs://ncbi-sra-europe/SRR9865761/370-01-C_R2_trimmed_paired_filtered_clean.fastq
SRR9865762	24	gs://ncbi-sra-europe/SRR9865762/369-01-E_R1_trimmed_paired_filtered_clean.fastq	gs://ncbi-sra-europe/SRR9865762/369-01-E_R2_trimmed_paired_filtered_clean.fastq
SRR9865763	24	gs://ncbi-sra-europe/SRR9865763/369-01-F_R1_trimmed_paired_filtered_clean.fastq	gs://ncbi-sra-europe/SRR9865763/369-01-F_R2_trimmed_paired_filtered_clean.fastq
SRR9865764	24	gs://ncbi-sra-europe/SRR9865764/369-01-G_R1_trimmed_paired_filtered_clean.fastq	gs://ncbi-sra-europe/SRR9865764/369-01-G_R2_trimmed_paired_filtered_clean.fastq
SRR9865765	22	gs://ncbi-sra-europe/SRR9865765/370-01-A_R1_trimmed_paired_filtered_clean.fastq	gs://ncbi-sra-europe/SRR9865765/370-01-A_R2_trimmed_paired_filtered_clean.fastq
SRR9865766	24	gs://ncbi-sra-europe/SRR9865766/369-01-A_R1_trimmed_paired_filtered_clean.fastq	gs://ncbi-sra-europe/SRR9865766/369-01-A_R2_trimmed_paired_filtered_clean.fastq
SRR9865767	24	gs://ncbi-sra-europe/SRR9865767/369-01-B_R1_trimmed_paired_filtered_clean.fastq	gs://ncbi-sra-europe/SRR9865767/369-01-B_R2_trimmed_paired_filtered_clean.fastq
SRR9865768	24	gs://ncbi-sra-europe/SRR9865768/369-01-C_R1_trimmed_paired_filtered_clean.fastq	gs://ncbi-sra-europe/SRR9865768/369-01-C_R2_trimmed_paired_filtered_clean.fastq
SRR9865769	24	gs://ncbi-sra-europe/SRR9865769/369-01-D_R1_trimmed_paired_filtered_clean.fastq	gs://ncbi-sra-europe/SRR9865769/369-01-D_R2_trimmed_paired_filtered_clean.fastq
SRR9865770	35	gs://ncbi-sra-europe/SRR9865770/308-01-H_R1_trimmed_paired_filtered_clean.fastq	gs://ncbi-sra-europe/SRR9865770/308-01-H_R2_trimmed_paired_filtered_clean.fastq
SRR9865771	35	gs://ncbi-sra-europe/SRR9865771/308-01-G_R1_trimmed_paired_filtered_clean.fastq	gs://ncbi-sra-europe/SRR9865771/308-01-G_R2_trimmed_paired_filtered_clean.fastq
SRR9865772	35	gs://ncbi-sra-europe/SRR9865772/308-01-F_R1_trimmed_paired_filtered_clean.fastq	gs://ncbi-sra-europe/SRR9865772/308-01-F_R2_trimmed_paired_filtered_clean.fastq
SRR9865773	35	gs://ncbi-sra-europe/SRR9865773/308-01-E_R1_trimmed_paired_filtered_clean.fastq	gs://ncbi-sra-europe/SRR9865773/308-01-E_R2_trimmed_paired_filtered_clean.fastq
SRR9865774	35	gs://ncbi-sra-europe/SRR9865774/308-01-D_R1_trimmed_paired_filtered_clean.fastq	gs://ncbi-sra-europe/SRR9865774/308-01-D_R2_trimmed_paired_filtered_clean.fastq
SRR9865775	35	gs://ncbi-sra-europe/SRR9865775/308-01-C_R1_trimmed_paired_filtered_clean.fastq	gs://ncbi-sra-europe/SRR9865775/308-01-C_R2_trimmed_paired_filtered_clean.fastq
SRR9865776	4	gs://ncbi-sra-europe/SRR9865776/354-01-D_R1_trimmed_paired_filtered_clean.fastq	gs://ncbi-sra-europe/SRR9865776/354-01-D_R2_trimmed_paired_filtered_clean.fastq
SRR9865777	16	gs://ncbi-sra-europe/SRR9865777/386-01-H_R1_trimmed_paired_filtered_clean.fastq	gs://ncbi-sra-europe/SRR9865777/386-01-H_R2_trimmed_paired_filtered_clean.fastq
SRR9865778	0	gs://ncbi-sra-europe/SRR9865778/C047-2-C_R1_trimmed_paired_filtered_clean.fastq	gs://ncbi-sra-europe/SRR9865778/C047-2-C_R2_trimmed_paired_filtered_clean.fastq
SRR9865779	0	gs://ncbi-sra-europe/SRR9865779/C047-2-D_R1_trimmed_paired_filtered_clean.fastq	gs://ncbi-sra-europe/SRR9865779/C047-2-D_R2_trimmed_paired_filtered_clean.fastq
SRR9865780	0	gs://ncbi-sra-europe/SRR9865780/C047-2-A_R1_trimmed_paired_filtered_clean.fastq	gs://ncbi-sra-europe/SRR9865780/C047-2-A_R2_trimmed_paired_filtered_clean.fastq
SRR9865781	0	gs://ncbi-sra-europe/SRR9865781/C047-2-B_R1_trimmed_paired_filtered_clean.fastq	gs://ncbi-sra-europe/SRR9865781/C047-2-B_R2_trimmed_paired_filtered_clean.fastq
SRR9865782	0	gs://ncbi-sra-europe/SRR9865782/C047-2-H_R1_trimmed_paired_filtered_clean.fastq	gs://ncbi-sra-europe/SRR9865782/C047-2-H_R2_trimmed_paired_filtered_clean.fastq
SRR9865783	0	gs://ncbi-sra-europe/SRR9865783/C047-2-I_R1_trimmed_paired_filtered_clean.fastq	gs://ncbi-sra-europe/SRR9865783/C047-2-I_R2_trimmed_paired_filtered_clean.fastq
SRR9865784	35	gs://ncbi-sra-europe/SRR9865784/308-01-B_R1_trimmed_paired_filtered_clean.fastq	gs://ncbi-sra-europe/SRR9865784/308-01-B_R2_trimmed_paired_filtered_clean.fastq
SRR9865785	35	gs://ncbi-sra-europe/SRR9865785/308-01-A_R1_trimmed_paired_filtered_clean.fastq	gs://ncbi-sra-europe/SRR9865785/308-01-A_R2_trimmed_paired_filtered_clean.fastq
SRR9865786	23	gs://ncbi-sra-europe/SRR9865786/309-01-A_R1_trimmed_paired_filtered_clean.fastq	gs://ncbi-sra-europe/SRR9865786/309-01-A_R2_trimmed_paired_filtered_clean.fastq
SRR9865787	35	gs://ncbi-sra-europe/SRR9865787/308-01-I_R1_trimmed_paired_filtered_clean.fastq	gs://ncbi-sra-europe/SRR9865787/308-01-I_R2_trimmed_paired_filtered_clean.fastq
SRR9865788	47	gs://ncbi-sra-europe/SRR9865788/C027-1-B_R1_trimmed_paired_filtered_clean.fastq	gs://ncbi-sra-europe/SRR9865788/C027-1-B_R2_trimmed_paired_filtered_clean.fastq
SRR9865789	47	gs://ncbi-sra-europe/SRR9865789/C027-1-C_R1_trimmed_paired_filtered_clean.fastq	gs://ncbi-sra-europe/SRR9865789/C027-1-C_R2_trimmed_paired_filtered_clean.fastq
SRR9865790	53	gs://ncbi-sra-europe/SRR9865790/429-01-B_R1_trimmed_paired_filtered_clean.fastq	gs://ncbi-sra-europe/SRR9865790/429-01-B_R2_trimmed_paired_filtered_clean.fastq
SRR9865791	12	gs://ncbi-sra-europe/SRR9865791/428-01-F_R1_trimmed_paired_filtered_clean.fastq	gs://ncbi-sra-europe/SRR9865791/428-01-F_R2_trimmed_paired_filtered_clean.fastq
SRR9865792	0	gs://ncbi-sra-europe/SRR9865792/C047-2-E_R1_trimmed_paired_filtered_clean.fastq	gs://ncbi-sra-europe/SRR9865792/C047-2-E_R2_trimmed_paired_filtered_clean.fastq
SRR9865793	0	gs://ncbi-sra-europe/SRR9865793/C047-2-F_R1_trimmed_paired_filtered_clean.fastq	gs://ncbi-sra-europe/SRR9865793/C047-2-F_R2_trimmed_paired_filtered_clean.fastq
SRR9865794	21	gs://ncbi-sra-europe/SRR9865794/C043-1-G_R1_trimmed_paired_filtered_clean.fastq	gs://ncbi-sra-europe/SRR9865794/C043-1-G_R2_trimmed_paired_filtered_clean.fastq
SRR9865795	0	gs://ncbi-sra-europe/SRR9865795/C047-2-J_R1_trimmed_paired_filtered_clean.fastq	gs://ncbi-sra-europe/SRR9865795/C047-2-J_R2_trimmed_paired_filtered_clean.fastq
SRR9865796	21	gs://ncbi-sra-europe/SRR9865796/C043-1-H_R1_trimmed_paired_filtered_clean.fastq	gs://ncbi-sra-europe/SRR9865796/C043-1-H_R2_trimmed_paired_filtered_clean.fastq
SRR9865797	10	gs://ncbi-sra-europe/SRR9865797/C002-2-B_R1_trimmed_paired_filtered_clean.fastq	gs://ncbi-sra-europe/SRR9865797/C002-2-B_R2_trimmed_paired_filtered_clean.fastq
SRR9865798	10	gs://ncbi-sra-europe/SRR9865798/C002-2-A_R1_trimmed_paired_filtered_clean.fastq	gs://ncbi-sra-europe/SRR9865798/C002-2-A_R2_trimmed_paired_filtered_clean.fastq
SRR9865799	15	gs://ncbi-sra-europe/SRR9865799/C002-1-J_R1_trimmed_paired_filtered_clean.fastq	gs://ncbi-sra-europe/SRR9865799/C002-1-J_R2_trimmed_paired_filtered_clean.fastq
SRR9865800	53	gs://ncbi-sra-europe/SRR9865800/429-01-D_R1_trimmed_paired_filtered_clean.fastq	gs://ncbi-sra-europe/SRR9865800/429-01-D_R2_trimmed_paired_filtered_clean.fastq
SRR9865801	53	gs://ncbi-sra-europe/SRR9865801/429-01-C_R1_trimmed_paired_filtered_clean.fastq	gs://ncbi-sra-europe/SRR9865801/429-01-C_R2_trimmed_paired_filtered_clean.fastq
SRR9865802	53	gs://ncbi-sra-europe/SRR9865802/429-01-F_R1_trimmed_paired_filtered_clean.fastq	gs://ncbi-sra-europe/SRR9865802/429-01-F_R2_trimmed_paired_filtered_clean.fastq
SRR9865803	53	gs://ncbi-sra-europe/SRR9865803/429-01-E_R1_trimmed_paired_filtered_clean.fastq	gs://ncbi-sra-europe/SRR9865803/429-01-E_R2_trimmed_paired_filtered_clean.fastq
SRR9865804	42	gs://ncbi-sra-europe/SRR9865804/C018-1-D_R1_trimmed_paired_filtered_clean.fastq	gs://ncbi-sra-europe/SRR9865804/C018-1-D_R2_trimmed_paired_filtered_clean.fastq
SRR9865805	42	gs://ncbi-sra-europe/SRR9865805/C018-1-E_R1_trimmed_paired_filtered_clean.fastq	gs://ncbi-sra-europe/SRR9865805/C018-1-E_R2_trimmed_paired_filtered_clean.fastq
SRR9865806	42	gs://ncbi-sra-europe/SRR9865806/C018-1-F_R1_trimmed_paired_filtered_clean.fastq	gs://ncbi-sra-europe/SRR9865806/C018-1-F_R2_trimmed_paired_filtered_clean.fastq
SRR9865807	42	gs://ncbi-sra-europe/SRR9865807/C018-1-G_R1_trimmed_paired_filtered_clean.fastq	gs://ncbi-sra-europe/SRR9865807/C018-1-G_R2_trimmed_paired_filtered_clean.fastq
SRR9865808	15	gs://ncbi-sra-europe/SRR9865808/C002-1-I_R1_trimmed_paired_filtered_clean.fastq	gs://ncbi-sra-europe/SRR9865808/C002-1-I_R2_trimmed_paired_filtered_clean.fastq
SRR9865809	15	gs://ncbi-sra-europe/SRR9865809/C002-1-H_R1_trimmed_paired_filtered_clean.fastq	gs://ncbi-sra-europe/SRR9865809/C002-1-H_R2_trimmed_paired_filtered_clean.fastq
SRR9865810	15	gs://ncbi-sra-europe/SRR9865810/C002-1-G_R1_trimmed_paired_filtered_clean.fastq	gs://ncbi-sra-europe/SRR9865810/C002-1-G_R2_trimmed_paired_filtered_clean.fastq
SRR9865811	15	gs://ncbi-sra-europe/SRR9865811/C002-1-F_R1_trimmed_paired_filtered_clean.fastq	gs://ncbi-sra-europe/SRR9865811/C002-1-F_R2_trimmed_paired_filtered_clean.fastq
SRR9865812	15	gs://ncbi-sra-europe/SRR9865812/C002-1-E_R1_trimmed_paired_filtered_clean.fastq	gs://ncbi-sra-europe/SRR9865812/C002-1-E_R2_trimmed_paired_filtered_clean.fastq
SRR9865813	21	gs://ncbi-sra-europe/SRR9865813/C043-1-E_R1_trimmed_paired_filtered_clean.fastq	gs://ncbi-sra-europe/SRR9865813/C043-1-E_R2_trimmed_paired_filtered_clean.fastq
SRR9865814	21	gs://ncbi-sra-europe/SRR9865814/C043-1-F_R1_trimmed_paired_filtered_clean.fastq	gs://ncbi-sra-europe/SRR9865814/C043-1-F_R2_trimmed_paired_filtered_clean.fastq
SRR9865815	21	gs://ncbi-sra-europe/SRR9865815/C043-1-C_R1_trimmed_paired_filtered_clean.fastq	gs://ncbi-sra-europe/SRR9865815/C043-1-C_R2_trimmed_paired_filtered_clean.fastq
SRR9865816	42	gs://ncbi-sra-europe/SRR9865816/C018-1-H_R1_trimmed_paired_filtered_clean.fastq	gs://ncbi-sra-europe/SRR9865816/C018-1-H_R2_trimmed_paired_filtered_clean.fastq
SRR9865817	42	gs://ncbi-sra-europe/SRR9865817/C018-1-I_R1_trimmed_paired_filtered_clean.fastq	gs://ncbi-sra-europe/SRR9865817/C018-1-I_R2_trimmed_paired_filtered_clean.fastq
SRR9865818	42	gs://ncbi-sra-europe/SRR9865818/C018-1-J_R1_trimmed_paired_filtered_clean.fastq	gs://ncbi-sra-europe/SRR9865818/C018-1-J_R2_trimmed_paired_filtered_clean.fastq
SRR9865819	47	gs://ncbi-sra-europe/SRR9865819/C027-1-A_R1_trimmed_paired_filtered_clean.fastq	gs://ncbi-sra-europe/SRR9865819/C027-1-A_R2_trimmed_paired_filtered_clean.fastq
SRR9865820	20	gs://ncbi-sra-europe/SRR9865820/330-01-G_R1_trimmed_paired_filtered_clean.fastq	gs://ncbi-sra-europe/SRR9865820/330-01-G_R2_trimmed_paired_filtered_clean.fastq
SRR9865821	20	gs://ncbi-sra-europe/SRR9865821/330-01-H_R1_trimmed_paired_filtered_clean.fastq	gs://ncbi-sra-europe/SRR9865821/330-01-H_R2_trimmed_paired_filtered_clean.fastq
SRR9865822	20	gs://ncbi-sra-europe/SRR9865822/330-01-E_R1_trimmed_paired_filtered_clean.fastq	gs://ncbi-sra-europe/SRR9865822/330-01-E_R2_trimmed_paired_filtered_clean.fastq
SRR9865823	20	gs://ncbi-sra-europe/SRR9865823/330-01-F_R1_trimmed_paired_filtered_clean.fastq	gs://ncbi-sra-europe/SRR9865823/330-01-F_R2_trimmed_paired_filtered_clean.fastq
SRR9865824	21	gs://ncbi-sra-europe/SRR9865824/C043-1-D_R1_trimmed_paired_filtered_clean.fastq	gs://ncbi-sra-europe/SRR9865824/C043-1-D_R2_trimmed_paired_filtered_clean.fastq
SRR9865825	21	gs://ncbi-sra-europe/SRR9865825/C043-1-A_R1_trimmed_paired_filtered_clean.fastq	gs://ncbi-sra-europe/SRR9865825/C043-1-A_R2_trimmed_paired_filtered_clean.fastq
SRR9865826	21	gs://ncbi-sra-europe/SRR9865826/C043-1-B_R1_trimmed_paired_filtered_clean.fastq	gs://ncbi-sra-europe/SRR9865826/C043-1-B_R2_trimmed_paired_filtered_clean.fastq
SRR9865827	10	gs://ncbi-sra-europe/SRR9865827/C002-2-D_R1_trimmed_paired_filtered_clean.fastq	gs://ncbi-sra-europe/SRR9865827/C002-2-D_R2_trimmed_paired_filtered_clean.fastq
SRR9865828	10	gs://ncbi-sra-europe/SRR9865828/C002-2-C_R1_trimmed_paired_filtered_clean.fastq	gs://ncbi-sra-europe/SRR9865828/C002-2-C_R2_trimmed_paired_filtered_clean.fastq
SRR9865829	18	gs://ncbi-sra-europe/SRR9865829/340-01-D_R1_trimmed_paired_filtered_clean.fastq	gs://ncbi-sra-europe/SRR9865829/340-01-D_R2_trimmed_paired_filtered_clean.fastq
SRR9865830	18	gs://ncbi-sra-europe/SRR9865830/340-01-E_R1_trimmed_paired_filtered_clean.fastq	gs://ncbi-sra-europe/SRR9865830/340-01-E_R2_trimmed_paired_filtered_clean.fastq
SRR9865831	31	gs://ncbi-sra-europe/SRR9865831/343-01-F_R1_trimmed_paired_filtered_clean.fastq	gs://ncbi-sra-europe/SRR9865831/343-01-F_R2_trimmed_paired_filtered_clean.fastq
SRR9865832	28	gs://ncbi-sra-europe/SRR9865832/336-01-C_R1_trimmed_paired_filtered_clean.fastq	gs://ncbi-sra-europe/SRR9865832/336-01-C_R2_trimmed_paired_filtered_clean.fastq
SRR9865833	28	gs://ncbi-sra-europe/SRR9865833/336-01-D_R1_trimmed_paired_filtered_clean.fastq	gs://ncbi-sra-europe/SRR9865833/336-01-D_R2_trimmed_paired_filtered_clean.fastq
SRR9865834	28	gs://ncbi-sra-europe/SRR9865834/336-01-A_R1_trimmed_paired_filtered_clean.fastq	gs://ncbi-sra-europe/SRR9865834/336-01-A_R2_trimmed_paired_filtered_clean.fastq
SRR9865835	28	gs://ncbi-sra-europe/SRR9865835/336-01-B_R1_trimmed_paired_filtered_clean.fastq	gs://ncbi-sra-europe/SRR9865835/336-01-B_R2_trimmed_paired_filtered_clean.fastq
SRR9865836	28	gs://ncbi-sra-europe/SRR9865836/336-01-E_R1_trimmed_paired_filtered_clean.fastq	gs://ncbi-sra-europe/SRR9865836/336-01-E_R2_trimmed_paired_filtered_clean.fastq
SRR9865837	28	gs://ncbi-sra-europe/SRR9865837/336-01-F_R1_trimmed_paired_filtered_clean.fastq	gs://ncbi-sra-europe/SRR9865837/336-01-F_R2_trimmed_paired_filtered_clean.fastq
SRR9865838	33	gs://ncbi-sra-europe/SRR9865838/420-01-B_R1_trimmed_paired_filtered_clean.fastq	gs://ncbi-sra-europe/SRR9865838/420-01-B_R2_trimmed_paired_filtered_clean.fastq
SRR9865839	33	gs://ncbi-sra-europe/SRR9865839/420-01-C_R1_trimmed_paired_filtered_clean.fastq	gs://ncbi-sra-europe/SRR9865839/420-01-C_R2_trimmed_paired_filtered_clean.fastq
SRR9865840	31	gs://ncbi-sra-europe/SRR9865840/343-01-G_R1_trimmed_paired_filtered_clean.fastq	gs://ncbi-sra-europe/SRR9865840/343-01-G_R2_trimmed_paired_filtered_clean.fastq
SRR9865841	48	gs://ncbi-sra-europe/SRR9865841/337-01-J_R1_trimmed_paired_filtered_clean.fastq	gs://ncbi-sra-europe/SRR9865841/337-01-J_R2_trimmed_paired_filtered_clean.fastq
