SRR9865413	27	gs://matrice/mag/ea/4cdb01fda6da5c7db8bec458f048f5/SRR9865413_R1.fastq	gs://matrice/mag/ea/4cdb01fda6da5c7db8bec458f048f5/SRR9865413_R2.fastq
SRR9865414	27	gs://matrice/mag/91/7b0301be164a63a99e45a36d9d4996/SRR9865414_R1.fastq	gs://matrice/mag/91/7b0301be164a63a99e45a36d9d4996/SRR9865414_R2.fastq
SRR9865415	27	gs://matrice/mag/dd/6155a257b0cb12f9ddd6a1551a2f83/SRR9865415_R1.fastq	gs://matrice/mag/dd/6155a257b0cb12f9ddd6a1551a2f83/SRR9865415_R2.fastq
SRR9865416	27	gs://matrice/mag/18/a0bb011a4b01f322d6184d088f047b/SRR9865416_R1.fastq	gs://matrice/mag/18/a0bb011a4b01f322d6184d088f047b/SRR9865416_R2.fastq
SRR9865417	42	gs://matrice/mag/c8/d9e54b0412b0d78d0ed361f7ad1441/SRR9865417_R1.fastq	gs://matrice/mag/c8/d9e54b0412b0d78d0ed361f7ad1441/SRR9865417_R2.fastq
SRR9865418	42	gs://matrice/mag/94/5dade996f1244de6beff9f428f5b9b/SRR9865418_R1.fastq	gs://matrice/mag/94/5dade996f1244de6beff9f428f5b9b/SRR9865418_R2.fastq
SRR9865419	1	gs://matrice/mag/d3/d5f9bf933fa7ca1d2a625a7cc67f38/SRR9865419_R1.fastq	gs://matrice/mag/d3/d5f9bf933fa7ca1d2a625a7cc67f38/SRR9865419_R2.fastq
SRR9865420	1	gs://matrice/mag/41/cfff52272de8aea94e7de6e3a0c9e9/SRR9865420_R1.fastq	gs://matrice/mag/41/cfff52272de8aea94e7de6e3a0c9e9/SRR9865420_R2.fastq
SRR9865421	1	gs://matrice/mag/e0/d40a24b971253a2e94563d881f9a39/SRR9865421_R1.fastq	gs://matrice/mag/e0/d40a24b971253a2e94563d881f9a39/SRR9865421_R2.fastq
SRR9865422	1	gs://matrice/mag/d8/9710517b2c7f7e76e6ab8c1122947d/SRR9865422_R1.fastq	gs://matrice/mag/d8/9710517b2c7f7e76e6ab8c1122947d/SRR9865422_R2.fastq
SRR9865423	31	gs://matrice/mag/13/97f8fb6c77ba39f79788bb0b336f56/SRR9865423_R1.fastq	gs://matrice/mag/13/97f8fb6c77ba39f79788bb0b336f56/SRR9865423_R2.fastq
SRR9865424	31	gs://matrice/mag/6a/2ac789214f34cbf3c8147a093f8013/SRR9865424_R1.fastq	gs://matrice/mag/6a/2ac789214f34cbf3c8147a093f8013/SRR9865424_R2.fastq
SRR9865425	51	gs://matrice/mag/f9/bd593d5a9ec1a9da0570ad5273c56f/SRR9865425_R1.fastq	gs://matrice/mag/f9/bd593d5a9ec1a9da0570ad5273c56f/SRR9865425_R2.fastq
SRR9865426	51	gs://matrice/mag/18/1a402c1f60272b1a53679580312342/SRR9865426_R1.fastq	gs://matrice/mag/18/1a402c1f60272b1a53679580312342/SRR9865426_R2.fastq
SRR9865427	41	gs://matrice/mag/e3/57ebaed55a9af14f82443a2069dfc1/SRR9865427_R1.fastq	gs://matrice/mag/e3/57ebaed55a9af14f82443a2069dfc1/SRR9865427_R2.fastq
SRR9865428	41	gs://matrice/mag/77/ff0392f2352a365b1123dd0b3f564d/SRR9865428_R1.fastq	gs://matrice/mag/77/ff0392f2352a365b1123dd0b3f564d/SRR9865428_R2.fastq
SRR9865429	51	gs://matrice/mag/af/2f88ac16d5f143631642b35c7e968c/SRR9865429_R1.fastq	gs://matrice/mag/af/2f88ac16d5f143631642b35c7e968c/SRR9865429_R2.fastq
SRR9865430	41	gs://matrice/mag/b5/3227ed4dde362ac06b9826378fff31/SRR9865430_R1.fastq	gs://matrice/mag/b5/3227ed4dde362ac06b9826378fff31/SRR9865430_R2.fastq
SRR9865431	41	gs://matrice/mag/81/16258c597f2fc3d5cbe0e3cd604227/SRR9865431_R1.fastq	gs://matrice/mag/81/16258c597f2fc3d5cbe0e3cd604227/SRR9865431_R2.fastq
SRR9865432	41	gs://matrice/mag/6a/f829e4ba7e49def9a6925b9ccdde7f/SRR9865432_R1.fastq	gs://matrice/mag/6a/f829e4ba7e49def9a6925b9ccdde7f/SRR9865432_R2.fastq
SRR9865433	1	gs://matrice/mag/3e/a4b7133c190636c86b8f06aef11094/SRR9865433_R1.fastq	gs://matrice/mag/3e/a4b7133c190636c86b8f06aef11094/SRR9865433_R2.fastq
SRR9865434	31	gs://matrice/mag/4a/367c0932e1dbc72cb00e5c2771cc4e/SRR9865434_R1.fastq	gs://matrice/mag/4a/367c0932e1dbc72cb00e5c2771cc4e/SRR9865434_R2.fastq
SRR9865435	50	gs://matrice/mag/df/148b51b8eae7548dbbda9de31459a5/SRR9865435_R1.fastq	gs://matrice/mag/df/148b51b8eae7548dbbda9de31459a5/SRR9865435_R2.fastq
SRR9865436	50	gs://matrice/mag/fd/a6bc889a7a4d374e5a08cb46e3aec6/SRR9865436_R1.fastq	gs://matrice/mag/fd/a6bc889a7a4d374e5a08cb46e3aec6/SRR9865436_R2.fastq
SRR9865437	46	gs://matrice/mag/7d/0ed33e961ca406ecfe15f2e83d9bd2/SRR9865437_R1.fastq	gs://matrice/mag/7d/0ed33e961ca406ecfe15f2e83d9bd2/SRR9865437_R2.fastq
SRR9865438	46	gs://matrice/mag/4b/ee291292992d651dc0b3f6bfea1a66/SRR9865438_R1.fastq	gs://matrice/mag/4b/ee291292992d651dc0b3f6bfea1a66/SRR9865438_R2.fastq
SRR9865439	46	gs://matrice/mag/71/5cc02355b3a3762e206bb3dd74f7e8/SRR9865439_R1.fastq	gs://matrice/mag/71/5cc02355b3a3762e206bb3dd74f7e8/SRR9865439_R2.fastq
SRR9865440	46	gs://matrice/mag/b1/caba1d64d6e0e71d32f1b8cd515e4f/SRR9865440_R1.fastq	gs://matrice/mag/b1/caba1d64d6e0e71d32f1b8cd515e4f/SRR9865440_R2.fastq
SRR9865441	41	gs://matrice/mag/f6/9faa054fd7c024c8d3ab14943135c4/SRR9865441_R1.fastq	gs://matrice/mag/f6/9faa054fd7c024c8d3ab14943135c4/SRR9865441_R2.fastq
SRR9865442	41	gs://matrice/mag/84/dff057c374051dfac684b7f65d30ee/SRR9865442_R1.fastq	gs://matrice/mag/84/dff057c374051dfac684b7f65d30ee/SRR9865442_R2.fastq
SRR9865443	34	gs://matrice/mag/64/922e7fd309f9eca3c2dbc97607adb2/SRR9865443_R1.fastq	gs://matrice/mag/64/922e7fd309f9eca3c2dbc97607adb2/SRR9865443_R2.fastq
SRR9865444	34	gs://matrice/mag/bf/c01a31fe2e452ce36bfa750eebf64a/SRR9865444_R1.fastq	gs://matrice/mag/bf/c01a31fe2e452ce36bfa750eebf64a/SRR9865444_R2.fastq
SRR9865445	34	gs://matrice/mag/66/5111d3a90324e0bc9f9e0d58f119ec/SRR9865445_R1.fastq	gs://matrice/mag/66/5111d3a90324e0bc9f9e0d58f119ec/SRR9865445_R2.fastq
SRR9865446	34	gs://matrice/mag/d6/53970ec3186cf5c5ee02f4a5c14160/SRR9865446_R1.fastq	gs://matrice/mag/d6/53970ec3186cf5c5ee02f4a5c14160/SRR9865446_R2.fastq
SRR9865447	19	gs://matrice/mag/2c/80d08c7ecb473772f319064493458d/SRR9865447_R1.fastq	gs://matrice/mag/2c/80d08c7ecb473772f319064493458d/SRR9865447_R2.fastq
SRR9865448	19	gs://matrice/mag/68/24e23714dba95197959c37bb437171/SRR9865448_R1.fastq	gs://matrice/mag/68/24e23714dba95197959c37bb437171/SRR9865448_R2.fastq
SRR9865449	29	gs://matrice/mag/4c/478376beeb960ffdb1d9d31be9484e/SRR9865449_R1.fastq	gs://matrice/mag/4c/478376beeb960ffdb1d9d31be9484e/SRR9865449_R2.fastq
SRR9865450	46	gs://matrice/mag/5f/a34b7866f1717dcb12a8d813c2ad9f/SRR9865450_R1.fastq	gs://matrice/mag/5f/a34b7866f1717dcb12a8d813c2ad9f/SRR9865450_R2.fastq
SRR9865451	29	gs://matrice/mag/de/e14c0d0ef17778dd5e664024a0d46b/SRR9865451_R1.fastq	gs://matrice/mag/de/e14c0d0ef17778dd5e664024a0d46b/SRR9865451_R2.fastq
SRR9865452	29	gs://matrice/mag/0a/d037220444f8a15a3737d640985c97/SRR9865452_R1.fastq	gs://matrice/mag/0a/d037220444f8a15a3737d640985c97/SRR9865452_R2.fastq
SRR9865453	5	gs://matrice/mag/08/04c3b8ce19a9f61aa59cdf92e5a040/SRR9865453_R1.fastq	gs://matrice/mag/08/04c3b8ce19a9f61aa59cdf92e5a040/SRR9865453_R2.fastq
SRR9865454	5	gs://matrice/mag/0e/a291c0f8af42d35a885088c8ac09f6/SRR9865454_R1.fastq	gs://matrice/mag/0e/a291c0f8af42d35a885088c8ac09f6/SRR9865454_R2.fastq
SRR9865455	43	gs://matrice/mag/6d/1d5fe3cdb309dfeb76cbecde7482b7/SRR9865455_R1.fastq	gs://matrice/mag/6d/1d5fe3cdb309dfeb76cbecde7482b7/SRR9865455_R2.fastq
SRR9865456	43	gs://matrice/mag/ae/8defa3d2d4f696e8b479b355cc70d2/SRR9865456_R1.fastq	gs://matrice/mag/ae/8defa3d2d4f696e8b479b355cc70d2/SRR9865456_R2.fastq
SRR9865457	19	gs://matrice/mag/28/2485e02c2561c6455c15988433e4ba/SRR9865457_R1.fastq	gs://matrice/mag/28/2485e02c2561c6455c15988433e4ba/SRR9865457_R2.fastq
SRR9865458	19	gs://matrice/mag/32/f118c295b28710f313dd6ceec0166b/SRR9865458_R1.fastq	gs://matrice/mag/32/f118c295b28710f313dd6ceec0166b/SRR9865458_R2.fastq
SRR9865459	34	gs://matrice/mag/a6/ea1eba0588448dabaa00e89af20ed1/SRR9865459_R1.fastq	gs://matrice/mag/a6/ea1eba0588448dabaa00e89af20ed1/SRR9865459_R2.fastq
SRR9865460	34	gs://matrice/mag/6b/b1341ca18ce4d42589cfef2f2a6c49/SRR9865460_R1.fastq	gs://matrice/mag/6b/b1341ca18ce4d42589cfef2f2a6c49/SRR9865460_R2.fastq
SRR9865461	45	gs://matrice/mag/73/99d5d18a0851afb7c0927b772a611f/SRR9865461_R1.fastq	gs://matrice/mag/73/99d5d18a0851afb7c0927b772a611f/SRR9865461_R2.fastq
SRR9865462	45	gs://matrice/mag/ae/b11407fb52b4ca7585a08e1ac76a0d/SRR9865462_R1.fastq	gs://matrice/mag/ae/b11407fb52b4ca7585a08e1ac76a0d/SRR9865462_R2.fastq
SRR9865463	45	gs://matrice/mag/ec/8f3dce2bfd615bbfaf12387a7d156d/SRR9865463_R1.fastq	gs://matrice/mag/ec/8f3dce2bfd615bbfaf12387a7d156d/SRR9865463_R2.fastq
SRR9865464	45	gs://matrice/mag/36/6f7363efac8d773e0aa07bcb0554ee/SRR9865464_R1.fastq	gs://matrice/mag/36/6f7363efac8d773e0aa07bcb0554ee/SRR9865464_R2.fastq
SRR9865465	54	gs://matrice/mag/bd/8aa0dfdc734358c3b14dae1b72b0c1/SRR9865465_R1.fastq	gs://matrice/mag/bd/8aa0dfdc734358c3b14dae1b72b0c1/SRR9865465_R2.fastq
SRR9865466	54	gs://matrice/mag/81/0ea5104c6dcb9959f89c07a8f1db78/SRR9865466_R1.fastq	gs://matrice/mag/81/0ea5104c6dcb9959f89c07a8f1db78/SRR9865466_R2.fastq
SRR9865467	10	gs://matrice/mag/4b/6bbe7104550bb9fc2436a67f73cb92/SRR9865467_R1.fastq	gs://matrice/mag/4b/6bbe7104550bb9fc2436a67f73cb92/SRR9865467_R2.fastq
SRR9865468	10	gs://matrice/mag/83/21fe0e78359c777580b85d60846122/SRR9865468_R1.fastq	gs://matrice/mag/83/21fe0e78359c777580b85d60846122/SRR9865468_R2.fastq
SRR9865469	10	gs://matrice/mag/95/b230434df9b54d7e9b34dc91a725e7/SRR9865469_R1.fastq	gs://matrice/mag/95/b230434df9b54d7e9b34dc91a725e7/SRR9865469_R2.fastq
SRR9865470	10	gs://matrice/mag/c3/b7222b1658a7b8ccf87c50e66358ae/SRR9865470_R1.fastq	gs://matrice/mag/c3/b7222b1658a7b8ccf87c50e66358ae/SRR9865470_R2.fastq
SRR9865471	10	gs://matrice/mag/d1/aab44a078fff4054781bf8642a3a14/SRR9865471_R1.fastq	gs://matrice/mag/d1/aab44a078fff4054781bf8642a3a14/SRR9865471_R2.fastq
SRR9865472	10	gs://matrice/mag/c1/2198417c974a74367619042a04cd34/SRR9865472_R1.fastq	gs://matrice/mag/c1/2198417c974a74367619042a04cd34/SRR9865472_R2.fastq
SRR9865473	45	gs://matrice/mag/da/84d45b84b4c0c79cbc08492bcfd564/SRR9865473_R1.fastq	gs://matrice/mag/da/84d45b84b4c0c79cbc08492bcfd564/SRR9865473_R2.fastq
SRR9865474	45	gs://matrice/mag/81/c984804c0a9b9aa0587b37dd36bad5/SRR9865474_R1.fastq	gs://matrice/mag/81/c984804c0a9b9aa0587b37dd36bad5/SRR9865474_R2.fastq
SRR9865475	43	gs://matrice/mag/d1/2f2e69f04b2096662d1433ab0cb114/SRR9865475_R1.fastq	gs://matrice/mag/d1/2f2e69f04b2096662d1433ab0cb114/SRR9865475_R2.fastq
SRR9865476	43	gs://matrice/mag/de/0258249f38eb55e02725ed5900c8ca/SRR9865476_R1.fastq	gs://matrice/mag/de/0258249f38eb55e02725ed5900c8ca/SRR9865476_R2.fastq
SRR9865477	43	gs://matrice/mag/fb/6663af15f2d9bec0b1bd10a8c574d6/SRR9865477_R1.fastq	gs://matrice/mag/fb/6663af15f2d9bec0b1bd10a8c574d6/SRR9865477_R2.fastq
SRR9865478	43	gs://matrice/mag/ec/80aab11158c760f01c84cc4a2cb11a/SRR9865478_R1.fastq	gs://matrice/mag/ec/80aab11158c760f01c84cc4a2cb11a/SRR9865478_R2.fastq
SRR9865479	7	gs://matrice/mag/b1/52a16aa49a1acb6bf868e39ade42ad/SRR9865479_R1.fastq	gs://matrice/mag/b1/52a16aa49a1acb6bf868e39ade42ad/SRR9865479_R2.fastq
SRR9865480	7	gs://matrice/mag/73/17d9d96cdcb32cb89df00292052a41/SRR9865480_R1.fastq	gs://matrice/mag/73/17d9d96cdcb32cb89df00292052a41/SRR9865480_R2.fastq
SRR9865481	54	gs://matrice/mag/27/b8f1ef067684b2ded5acfe23f5c6fd/SRR9865481_R1.fastq	gs://matrice/mag/27/b8f1ef067684b2ded5acfe23f5c6fd/SRR9865481_R2.fastq
SRR9865482	54	gs://matrice/mag/7f/bd05dfa96f1e1ebe32ede46b411ebf/SRR9865482_R1.fastq	gs://matrice/mag/7f/bd05dfa96f1e1ebe32ede46b411ebf/SRR9865482_R2.fastq
SRR9865483	50	gs://matrice/mag/e8/66f6431d1473f8ff05c8b3c1ccd9a3/SRR9865483_R1.fastq	gs://matrice/mag/e8/66f6431d1473f8ff05c8b3c1ccd9a3/SRR9865483_R2.fastq
SRR9865484	50	gs://matrice/mag/84/849f553eccc7ff857fd492e6b51f04/SRR9865484_R1.fastq	gs://matrice/mag/84/849f553eccc7ff857fd492e6b51f04/SRR9865484_R2.fastq
SRR9865485	16	gs://matrice/mag/f9/6b533672828d446a6b3a7c786eb05b/SRR9865485_R1.fastq	gs://matrice/mag/f9/6b533672828d446a6b3a7c786eb05b/SRR9865485_R2.fastq
SRR9865486	16	gs://matrice/mag/81/b5ac797832b8b2bec8b212c18f6a04/SRR9865486_R1.fastq	gs://matrice/mag/81/b5ac797832b8b2bec8b212c18f6a04/SRR9865486_R2.fastq
SRR9865487	16	gs://matrice/mag/e0/9eaa85db9581aa68224dd9a3efb436/SRR9865487_R1.fastq	gs://matrice/mag/e0/9eaa85db9581aa68224dd9a3efb436/SRR9865487_R2.fastq
SRR9865488	2	gs://matrice/mag/ec/557501e047af7ad6ef16c77d01793c/SRR9865488_R1.fastq	gs://matrice/mag/ec/557501e047af7ad6ef16c77d01793c/SRR9865488_R2.fastq
SRR9865489	22	gs://matrice/mag/f7/e090e80f461202dd22af78bc1b2334/SRR9865489_R1.fastq	gs://matrice/mag/f7/e090e80f461202dd22af78bc1b2334/SRR9865489_R2.fastq
SRR9865490	22	gs://matrice/mag/59/74ebf709b01d59910a06410be8884f/SRR9865490_R1.fastq	gs://matrice/mag/59/74ebf709b01d59910a06410be8884f/SRR9865490_R2.fastq
SRR9865491	22	gs://matrice/mag/78/4433b9bf88531b52e4f4b280c3dd37/SRR9865491_R1.fastq	gs://matrice/mag/78/4433b9bf88531b52e4f4b280c3dd37/SRR9865491_R2.fastq
SRR9865492	22	gs://matrice/mag/47/bab1a9ec5510c6988dc9fe729a8e12/SRR9865492_R1.fastq	gs://matrice/mag/47/bab1a9ec5510c6988dc9fe729a8e12/SRR9865492_R2.fastq
SRR9865493	7	gs://matrice/mag/5e/137ac3117a772f6481d1111ea40593/SRR9865493_R1.fastq	gs://matrice/mag/5e/137ac3117a772f6481d1111ea40593/SRR9865493_R2.fastq
SRR9865494	7	gs://matrice/mag/20/a97f6750a39dd2d2cdb60e60e9b080/SRR9865494_R1.fastq	gs://matrice/mag/20/a97f6750a39dd2d2cdb60e60e9b080/SRR9865494_R2.fastq
SRR9865495	7	gs://matrice/mag/cd/7a6a128fe835eba89039e8f10dad1c/SRR9865495_R1.fastq	gs://matrice/mag/cd/7a6a128fe835eba89039e8f10dad1c/SRR9865495_R2.fastq
SRR9865496	7	gs://matrice/mag/7d/e9a2138c997923234a103cc64fa08d/SRR9865496_R1.fastq	gs://matrice/mag/7d/e9a2138c997923234a103cc64fa08d/SRR9865496_R2.fastq
SRR9865497	2	gs://matrice/mag/68/d06620807a66eb5a343edee8f72d53/SRR9865497_R1.fastq	gs://matrice/mag/68/d06620807a66eb5a343edee8f72d53/SRR9865497_R2.fastq
SRR9865498	2	gs://matrice/mag/ca/9656651d68daefec2c735a78eb922e/SRR9865498_R1.fastq	gs://matrice/mag/ca/9656651d68daefec2c735a78eb922e/SRR9865498_R2.fastq
SRR9865499	2	gs://matrice/mag/bd/779696f431d1415b92a04c1b4c43a7/SRR9865499_R1.fastq	gs://matrice/mag/bd/779696f431d1415b92a04c1b4c43a7/SRR9865499_R2.fastq
SRR9865500	40	gs://matrice/mag/f7/ee98f6a09b2071a349036591a583dd/SRR9865500_R1.fastq	gs://matrice/mag/f7/ee98f6a09b2071a349036591a583dd/SRR9865500_R2.fastq
SRR9865501	40	gs://matrice/mag/b9/f36d5b619ff4965f87a05118ef3fd9/SRR9865501_R1.fastq	gs://matrice/mag/b9/f36d5b619ff4965f87a05118ef3fd9/SRR9865501_R2.fastq
SRR9865502	40	gs://matrice/mag/09/b896a837d3ff67c2d413f92308d9a3/SRR9865502_R1.fastq	gs://matrice/mag/09/b896a837d3ff67c2d413f92308d9a3/SRR9865502_R2.fastq
SRR9865503	40	gs://matrice/mag/ea/ab268407299fb544f41a8a363e6dcd/SRR9865503_R1.fastq	gs://matrice/mag/ea/ab268407299fb544f41a8a363e6dcd/SRR9865503_R2.fastq
SRR9865504	40	gs://matrice/mag/b4/48e7a364f577f24ab5e84e0a13433d/SRR9865504_R1.fastq	gs://matrice/mag/b4/48e7a364f577f24ab5e84e0a13433d/SRR9865504_R2.fastq
SRR9865505	20	gs://matrice/mag/3a/7a5df56c52f9c8ba1031708a50c931/SRR9865505_R1.fastq	gs://matrice/mag/3a/7a5df56c52f9c8ba1031708a50c931/SRR9865505_R2.fastq
SRR9865506	20	gs://matrice/mag/80/844520722fa55191c67a92536f3e2d/SRR9865506_R1.fastq	gs://matrice/mag/80/844520722fa55191c67a92536f3e2d/SRR9865506_R2.fastq
SRR9865507	20	gs://matrice/mag/74/280fdb4df44576c1a8ffd43686a5d3/SRR9865507_R1.fastq	gs://matrice/mag/74/280fdb4df44576c1a8ffd43686a5d3/SRR9865507_R2.fastq
SRR9865508	20	gs://matrice/mag/dd/8bf192e4415ecf490ad026c472dbec/SRR9865508_R1.fastq	gs://matrice/mag/dd/8bf192e4415ecf490ad026c472dbec/SRR9865508_R2.fastq
SRR9865509	3	gs://matrice/mag/ae/fef43167d705a0387a4dc2a47e2690/SRR9865509_R1.fastq	gs://matrice/mag/ae/fef43167d705a0387a4dc2a47e2690/SRR9865509_R2.fastq
SRR9865510	3	gs://matrice/mag/af/e5ec468e298319865e4993a7952b91/SRR9865510_R1.fastq	gs://matrice/mag/af/e5ec468e298319865e4993a7952b91/SRR9865510_R2.fastq
SRR9865511	3	gs://matrice/mag/62/b56b16bedbf48d29ca2c53befa5808/SRR9865511_R1.fastq	gs://matrice/mag/62/b56b16bedbf48d29ca2c53befa5808/SRR9865511_R2.fastq
SRR9865512	3	gs://matrice/mag/2b/04dcb53683a008b186a0c3365658cf/SRR9865512_R1.fastq	gs://matrice/mag/2b/04dcb53683a008b186a0c3365658cf/SRR9865512_R2.fastq
SRR9865513	49	gs://matrice/mag/09/2848d3e012863292e6f7fe91543012/SRR9865513_R1.fastq	gs://matrice/mag/09/2848d3e012863292e6f7fe91543012/SRR9865513_R2.fastq
SRR9865514	49	gs://matrice/mag/86/eae3eafed6027b82a0807568fb832c/SRR9865514_R1.fastq	gs://matrice/mag/86/eae3eafed6027b82a0807568fb832c/SRR9865514_R2.fastq
SRR9865515	49	gs://matrice/mag/bc/c4a337b3debd1af72ff917bbcd589a/SRR9865515_R1.fastq	gs://matrice/mag/bc/c4a337b3debd1af72ff917bbcd589a/SRR9865515_R2.fastq
SRR9865516	49	gs://matrice/mag/26/80aa20db53dcf9808de123121b65e8/SRR9865516_R1.fastq	gs://matrice/mag/26/80aa20db53dcf9808de123121b65e8/SRR9865516_R2.fastq
SRR9865517	49	gs://matrice/mag/bb/a5d774eb3091cdd25ea7001ac13b99/SRR9865517_R1.fastq	gs://matrice/mag/bb/a5d774eb3091cdd25ea7001ac13b99/SRR9865517_R2.fastq
SRR9865518	49	gs://matrice/mag/79/9e3bda930a738b88fb0fb2f67c380e/SRR9865518_R1.fastq	gs://matrice/mag/79/9e3bda930a738b88fb0fb2f67c380e/SRR9865518_R2.fastq
SRR9865519	14	gs://matrice/mag/12/4d50eccbed3a230e0ccf3c5e3e1a86/SRR9865519_R1.fastq	gs://matrice/mag/12/4d50eccbed3a230e0ccf3c5e3e1a86/SRR9865519_R2.fastq
SRR9865520	14	gs://matrice/mag/ac/9d10266bf4240b9e3270e92099f0ce/SRR9865520_R1.fastq	gs://matrice/mag/ac/9d10266bf4240b9e3270e92099f0ce/SRR9865520_R2.fastq
SRR9865521	14	gs://matrice/mag/b4/505d8514145fb685ae6428ac7ed287/SRR9865521_R1.fastq	gs://matrice/mag/b4/505d8514145fb685ae6428ac7ed287/SRR9865521_R2.fastq
SRR9865522	14	gs://matrice/mag/eb/bc6fd4c35539bf2101a9e2639eed3b/SRR9865522_R1.fastq	gs://matrice/mag/eb/bc6fd4c35539bf2101a9e2639eed3b/SRR9865522_R2.fastq
SRR9865523	17	gs://matrice/mag/c4/e6c678c3fb528be52ddd5fb5e499fc/SRR9865523_R1.fastq	gs://matrice/mag/c4/e6c678c3fb528be52ddd5fb5e499fc/SRR9865523_R2.fastq
SRR9865524	14	gs://matrice/mag/dc/296fcb05d21d314e629b7e20d42cd8/SRR9865524_R1.fastq	gs://matrice/mag/dc/296fcb05d21d314e629b7e20d42cd8/SRR9865524_R2.fastq
SRR9865525	17	gs://matrice/mag/f2/9ff17cac128349aac49c1501bd676c/SRR9865525_R1.fastq	gs://matrice/mag/f2/9ff17cac128349aac49c1501bd676c/SRR9865525_R2.fastq
SRR9865526	17	gs://matrice/mag/ae/18881655d812d09566deb9a58f1fd0/SRR9865526_R1.fastq	gs://matrice/mag/ae/18881655d812d09566deb9a58f1fd0/SRR9865526_R2.fastq
SRR9865527	17	gs://matrice/mag/bf/eeed3e3f93297874fbfacf6bbc2a1d/SRR9865527_R1.fastq	gs://matrice/mag/bf/eeed3e3f93297874fbfacf6bbc2a1d/SRR9865527_R2.fastq
SRR9865528	17	gs://matrice/mag/b9/4ea5bed50cf85ccf3866555bbec659/SRR9865528_R1.fastq	gs://matrice/mag/b9/4ea5bed50cf85ccf3866555bbec659/SRR9865528_R2.fastq
SRR9865529	12	gs://matrice/mag/2e/ce433b8abbb7a3e2b2734cbd208501/SRR9865529_R1.fastq	gs://matrice/mag/2e/ce433b8abbb7a3e2b2734cbd208501/SRR9865529_R2.fastq
SRR9865530	12	gs://matrice/mag/68/c37dbd1f520b70f0a0cec3ceebf826/SRR9865530_R1.fastq	gs://matrice/mag/68/c37dbd1f520b70f0a0cec3ceebf826/SRR9865530_R2.fastq
SRR9865531	30	gs://matrice/mag/1e/813a533cf7e43e46a4d369f94407f4/SRR9865531_R1.fastq	gs://matrice/mag/1e/813a533cf7e43e46a4d369f94407f4/SRR9865531_R2.fastq
SRR9865532	30	gs://matrice/mag/1f/31221ce1142ff4dd47dd55abd8fef8/SRR9865532_R1.fastq	gs://matrice/mag/1f/31221ce1142ff4dd47dd55abd8fef8/SRR9865532_R2.fastq
SRR9865533	30	gs://matrice/mag/21/94a0fa1ae1c76e15ca6baae1885d63/SRR9865533_R1.fastq	gs://matrice/mag/21/94a0fa1ae1c76e15ca6baae1885d63/SRR9865533_R2.fastq
SRR9865534	44	gs://matrice/mag/c3/ff1068a896028a80de02fa26f1b193/SRR9865534_R1.fastq	gs://matrice/mag/c3/ff1068a896028a80de02fa26f1b193/SRR9865534_R2.fastq
SRR9865535	13	gs://matrice/mag/de/cdbd3ce4899e8a86f74c4d5278e54d/SRR9865535_R1.fastq	gs://matrice/mag/de/cdbd3ce4899e8a86f74c4d5278e54d/SRR9865535_R2.fastq
SRR9865536	13	gs://matrice/mag/e3/80fe92f8e48052ff1cb8135cdca7b2/SRR9865536_R1.fastq	gs://matrice/mag/e3/80fe92f8e48052ff1cb8135cdca7b2/SRR9865536_R2.fastq
SRR9865537	39	gs://matrice/mag/b9/e4860354350d1397e78634654d98c7/SRR9865537_R1.fastq	gs://matrice/mag/b9/e4860354350d1397e78634654d98c7/SRR9865537_R2.fastq
SRR9865538	39	gs://matrice/mag/f5/8ee5a5fde55820543064ce1eaadf1d/SRR9865538_R1.fastq	gs://matrice/mag/f5/8ee5a5fde55820543064ce1eaadf1d/SRR9865538_R2.fastq
SRR9865539	39	gs://matrice/mag/fb/fe39ce7170a9b82ba1c5d579e365b3/SRR9865539_R1.fastq	gs://matrice/mag/fb/fe39ce7170a9b82ba1c5d579e365b3/SRR9865539_R2.fastq
SRR9865540	39	gs://matrice/mag/d1/609be81fc7d3f72983eeb611ef57b0/SRR9865540_R1.fastq	gs://matrice/mag/d1/609be81fc7d3f72983eeb611ef57b0/SRR9865540_R2.fastq
SRR9865541	4	gs://matrice/mag/5a/d64d9b15b20495b26d2345ada6dd32/SRR9865541_R1.fastq	gs://matrice/mag/5a/d64d9b15b20495b26d2345ada6dd32/SRR9865541_R2.fastq
SRR9865542	4	gs://matrice/mag/cd/1163aa17b626d88a3a215b9861130c/SRR9865542_R1.fastq	gs://matrice/mag/cd/1163aa17b626d88a3a215b9861130c/SRR9865542_R2.fastq
SRR9865543	44	gs://matrice/mag/44/2faec49362b832392beceeee64956c/SRR9865543_R1.fastq	gs://matrice/mag/44/2faec49362b832392beceeee64956c/SRR9865543_R2.fastq
SRR9865544	44	gs://matrice/mag/b5/533e04f512a7b4263bf577c5f384f6/SRR9865544_R1.fastq	gs://matrice/mag/b5/533e04f512a7b4263bf577c5f384f6/SRR9865544_R2.fastq
SRR9865545	30	gs://matrice/mag/ca/8886388e6bc1704b8e92d4a3022b4d/SRR9865545_R1.fastq	gs://matrice/mag/ca/8886388e6bc1704b8e92d4a3022b4d/SRR9865545_R2.fastq
SRR9865546	30	gs://matrice/mag/10/f0316798852154e51eab77ffdca872/SRR9865546_R1.fastq	gs://matrice/mag/10/f0316798852154e51eab77ffdca872/SRR9865546_R2.fastq
SRR9865547	30	gs://matrice/mag/b8/69d73bf172f1e723a1fd266152d191/SRR9865547_R1.fastq	gs://matrice/mag/b8/69d73bf172f1e723a1fd266152d191/SRR9865547_R2.fastq
SRR9865548	30	gs://matrice/mag/c6/203a9524f493a3b91f9eac8060f155/SRR9865548_R1.fastq	gs://matrice/mag/c6/203a9524f493a3b91f9eac8060f155/SRR9865548_R2.fastq
SRR9865549	23	gs://matrice/mag/c6/d88c1dd6fadf171b5f687f59d0f082/SRR9865549_R1.fastq	gs://matrice/mag/c6/d88c1dd6fadf171b5f687f59d0f082/SRR9865549_R2.fastq
SRR9865550	23	gs://matrice/mag/ab/089e9165da674b16f5d527de4e1ecf/SRR9865550_R1.fastq	gs://matrice/mag/ab/089e9165da674b16f5d527de4e1ecf/SRR9865550_R2.fastq
SRR9865551	39	gs://matrice/mag/58/be56ccf27cd8f47708769df6819bb8/SRR9865551_R1.fastq	gs://matrice/mag/58/be56ccf27cd8f47708769df6819bb8/SRR9865551_R2.fastq
SRR9865552	39	gs://matrice/mag/48/f80e779fa659e040e05459322db5be/SRR9865552_R1.fastq	gs://matrice/mag/48/f80e779fa659e040e05459322db5be/SRR9865552_R2.fastq
SRR9865553	26	gs://matrice/mag/d2/ede28bf48f6a5009a6790734c6d4f2/SRR9865553_R1.fastq	gs://matrice/mag/d2/ede28bf48f6a5009a6790734c6d4f2/SRR9865553_R2.fastq
SRR9865554	26	gs://matrice/mag/ff/892584d9e6a351b751601e2b6b9234/SRR9865554_R1.fastq	gs://matrice/mag/ff/892584d9e6a351b751601e2b6b9234/SRR9865554_R2.fastq
SRR9865555	47	gs://matrice/mag/66/ce36e3b316e1aa571dcfbad034834d/SRR9865555_R1.fastq	gs://matrice/mag/66/ce36e3b316e1aa571dcfbad034834d/SRR9865555_R2.fastq
SRR9865556	47	gs://matrice/mag/a7/8cc27cef8f5475189f775504f2df81/SRR9865556_R1.fastq	gs://matrice/mag/a7/8cc27cef8f5475189f775504f2df81/SRR9865556_R2.fastq
SRR9865557	47	gs://matrice/mag/dc/d743fa434e6e0fe224c64c00eff036/SRR9865557_R1.fastq	gs://matrice/mag/dc/d743fa434e6e0fe224c64c00eff036/SRR9865557_R2.fastq
SRR9865558	47	gs://matrice/mag/fe/869a12c79cb1cf1143474f5e1e6c37/SRR9865558_R1.fastq	gs://matrice/mag/fe/869a12c79cb1cf1143474f5e1e6c37/SRR9865558_R2.fastq
SRR9865559	23	gs://matrice/mag/55/ef23b80218cecc3cc6e8ca05b1a122/SRR9865559_R1.fastq	gs://matrice/mag/55/ef23b80218cecc3cc6e8ca05b1a122/SRR9865559_R2.fastq
SRR9865560	23	gs://matrice/mag/64/0d78955299eeff09a9452371dcf3f2/SRR9865560_R1.fastq	gs://matrice/mag/64/0d78955299eeff09a9452371dcf3f2/SRR9865560_R2.fastq
SRR9865561	23	gs://matrice/mag/7c/9c3365022c93022a0327460ac44154/SRR9865561_R1.fastq	gs://matrice/mag/7c/9c3365022c93022a0327460ac44154/SRR9865561_R2.fastq
SRR9865562	23	gs://matrice/mag/43/ef9068338c6dfbdfe6f2b0c9082603/SRR9865562_R1.fastq	gs://matrice/mag/43/ef9068338c6dfbdfe6f2b0c9082603/SRR9865562_R2.fastq
SRR9865563	23	gs://matrice/mag/d7/39048a6b9b4d01e4958e1d7cf21e36/SRR9865563_R1.fastq	gs://matrice/mag/d7/39048a6b9b4d01e4958e1d7cf21e36/SRR9865563_R2.fastq
SRR9865564	40	gs://matrice/mag/8f/b9e346a527ff90d86ec618fa1a3a96/SRR9865564_R1.fastq	gs://matrice/mag/8f/b9e346a527ff90d86ec618fa1a3a96/SRR9865564_R2.fastq
SRR9865565	40	gs://matrice/mag/ee/4c4d47ee3f9fcc7ba7c7ac82b1a443/SRR9865565_R1.fastq	gs://matrice/mag/ee/4c4d47ee3f9fcc7ba7c7ac82b1a443/SRR9865565_R2.fastq
SRR9865566	40	gs://matrice/mag/72/59651776168cb20e7179d442919eae/SRR9865566_R1.fastq	gs://matrice/mag/72/59651776168cb20e7179d442919eae/SRR9865566_R2.fastq
SRR9865567	47	gs://matrice/mag/62/2c2498a54c44dabdbb8ac932438351/SRR9865567_R1.fastq	gs://matrice/mag/62/2c2498a54c44dabdbb8ac932438351/SRR9865567_R2.fastq
SRR9865568	47	gs://matrice/mag/b4/36839503249a85a2172c994ecafc2d/SRR9865568_R1.fastq	gs://matrice/mag/b4/36839503249a85a2172c994ecafc2d/SRR9865568_R2.fastq
SRR9865569	36	gs://matrice/mag/b9/2b8821de5684d046610de737ecfba7/SRR9865569_R1.fastq	gs://matrice/mag/b9/2b8821de5684d046610de737ecfba7/SRR9865569_R2.fastq
SRR9865570	47	gs://matrice/mag/b3/fc8b3dbd7eade994cb909cdf88d66c/SRR9865570_R1.fastq	gs://matrice/mag/b3/fc8b3dbd7eade994cb909cdf88d66c/SRR9865570_R2.fastq
SRR9865571	36	gs://matrice/mag/c8/b792b35bcf736743bd9082fd9512fb/SRR9865571_R1.fastq	gs://matrice/mag/c8/b792b35bcf736743bd9082fd9512fb/SRR9865571_R2.fastq
SRR9865572	36	gs://matrice/mag/1b/4c776e342807da7a8280409b2b9952/SRR9865572_R1.fastq	gs://matrice/mag/1b/4c776e342807da7a8280409b2b9952/SRR9865572_R2.fastq
SRR9865573	27	gs://matrice/mag/ed/dfbee50720ef3df7af9536ecfe547a/SRR9865573_R1.fastq	gs://matrice/mag/ed/dfbee50720ef3df7af9536ecfe547a/SRR9865573_R2.fastq
SRR9865574	27	gs://matrice/mag/14/3ec2bd93ee396f6e840f591195f522/SRR9865574_R1.fastq	gs://matrice/mag/14/3ec2bd93ee396f6e840f591195f522/SRR9865574_R2.fastq
SRR9865575	42	gs://matrice/mag/b1/efbc94b30f035788f742e95dcc4e0c/SRR9865575_R1.fastq	gs://matrice/mag/b1/efbc94b30f035788f742e95dcc4e0c/SRR9865575_R2.fastq
SRR9865576	32	gs://matrice/mag/0a/99a56ad5d04caa94d5884424b56ab3/SRR9865576_R1.fastq	gs://matrice/mag/0a/99a56ad5d04caa94d5884424b56ab3/SRR9865576_R2.fastq
SRR9865577	32	gs://matrice/mag/1a/269f38260d18b42e67764f31b09676/SRR9865577_R1.fastq	gs://matrice/mag/1a/269f38260d18b42e67764f31b09676/SRR9865577_R2.fastq
SRR9865578	32	gs://matrice/mag/a3/76106afed75d02057f6e7a39df7fe4/SRR9865578_R1.fastq	gs://matrice/mag/a3/76106afed75d02057f6e7a39df7fe4/SRR9865578_R2.fastq
SRR9865579	32	gs://matrice/mag/f1/449cb4c345cdbb4a6c2b2e9cf710ec/SRR9865579_R1.fastq	gs://matrice/mag/f1/449cb4c345cdbb4a6c2b2e9cf710ec/SRR9865579_R2.fastq
SRR9865580	32	gs://matrice/mag/a5/c997256e72f5f99f7863721fa1046a/SRR9865580_R1.fastq	gs://matrice/mag/a5/c997256e72f5f99f7863721fa1046a/SRR9865580_R2.fastq
SRR9865581	32	gs://matrice/mag/44/17b4485300d7a35cd11dea69d7777c/SRR9865581_R1.fastq	gs://matrice/mag/44/17b4485300d7a35cd11dea69d7777c/SRR9865581_R2.fastq
SRR9865582	32	gs://matrice/mag/39/c963da1fd3f6899f0d4f83dea1729f/SRR9865582_R1.fastq	gs://matrice/mag/39/c963da1fd3f6899f0d4f83dea1729f/SRR9865582_R2.fastq
SRR9865583	49	gs://matrice/mag/07/48a3925b664c2f2ea44569ad79bdb7/SRR9865583_R1.fastq	gs://matrice/mag/07/48a3925b664c2f2ea44569ad79bdb7/SRR9865583_R2.fastq
SRR9865584	49	gs://matrice/mag/71/12766ed6deb56d88d86ae954fe9a60/SRR9865584_R1.fastq	gs://matrice/mag/71/12766ed6deb56d88d86ae954fe9a60/SRR9865584_R2.fastq
SRR9865585	27	gs://matrice/mag/bb/3682b8706533ef7959fdba517639de/SRR9865585_R1.fastq	gs://matrice/mag/bb/3682b8706533ef7959fdba517639de/SRR9865585_R2.fastq
SRR9865586	27	gs://matrice/mag/53/cade50da13c0c26f15dc2c9c87d498/SRR9865586_R1.fastq	gs://matrice/mag/53/cade50da13c0c26f15dc2c9c87d498/SRR9865586_R2.fastq
SRR9865587	32	gs://matrice/mag/a6/01bf89ce6381210107b781340b0b3c/SRR9865587_R1.fastq	gs://matrice/mag/a6/01bf89ce6381210107b781340b0b3c/SRR9865587_R2.fastq
SRR9865588	32	gs://matrice/mag/1d/d47124d6e03a5549d9b39f9524a50f/SRR9865588_R1.fastq	gs://matrice/mag/1d/d47124d6e03a5549d9b39f9524a50f/SRR9865588_R2.fastq
SRR9865589	54	gs://matrice/mag/10/0eddd00ebf080cc6ce72cbf18d8b15/SRR9865589_R1.fastq	gs://matrice/mag/10/0eddd00ebf080cc6ce72cbf18d8b15/SRR9865589_R2.fastq
SRR9865590	54	gs://matrice/mag/22/183fc52921816245c0d1cb42c3665f/SRR9865590_R1.fastq	gs://matrice/mag/22/183fc52921816245c0d1cb42c3665f/SRR9865590_R2.fastq
SRR9865591	54	gs://matrice/mag/f6/a512c966bc89cd503f52c85a95b67e/SRR9865591_R1.fastq	gs://matrice/mag/f6/a512c966bc89cd503f52c85a95b67e/SRR9865591_R2.fastq
SRR9865592	54	gs://matrice/mag/c4/256dee856f5c1d06670c417eddae6b/SRR9865592_R1.fastq	gs://matrice/mag/c4/256dee856f5c1d06670c417eddae6b/SRR9865592_R2.fastq
SRR9865593	32	gs://matrice/mag/ac/8e458fc72a36ffa14a401cf933bdee/SRR9865593_R1.fastq	gs://matrice/mag/ac/8e458fc72a36ffa14a401cf933bdee/SRR9865593_R2.fastq
SRR9865594	32	gs://matrice/mag/e1/21658d4fd177722354992fe031ee2d/SRR9865594_R1.fastq	gs://matrice/mag/e1/21658d4fd177722354992fe031ee2d/SRR9865594_R2.fastq
SRR9865595	34	gs://matrice/mag/e1/244cc952a28682e1a5eda7f124e155/SRR9865595_R1.fastq	gs://matrice/mag/e1/244cc952a28682e1a5eda7f124e155/SRR9865595_R2.fastq
SRR9865596	9	gs://matrice/mag/83/f3543d24e00f089eb8f07517b54326/SRR9865596_R1.fastq	gs://matrice/mag/83/f3543d24e00f089eb8f07517b54326/SRR9865596_R2.fastq
SRR9865597	9	gs://matrice/mag/81/4b9391d4b27d2df90508c279c4c434/SRR9865597_R1.fastq	gs://matrice/mag/81/4b9391d4b27d2df90508c279c4c434/SRR9865597_R2.fastq
SRR9865598	9	gs://matrice/mag/91/f79dd04e6152b0ecee8bd41f88b0dc/SRR9865598_R1.fastq	gs://matrice/mag/91/f79dd04e6152b0ecee8bd41f88b0dc/SRR9865598_R2.fastq
SRR9865599	9	gs://matrice/mag/5a/642040562f7f8d0bf001cdcbe8dac4/SRR9865599_R1.fastq	gs://matrice/mag/5a/642040562f7f8d0bf001cdcbe8dac4/SRR9865599_R2.fastq
SRR9865600	9	gs://matrice/mag/e5/5a728abcba9cdad812cedee01f4a1b/SRR9865600_R1.fastq	gs://matrice/mag/e5/5a728abcba9cdad812cedee01f4a1b/SRR9865600_R2.fastq
SRR9865601	9	gs://matrice/mag/1a/3c1c75534f181587257e09ddc524f3/SRR9865601_R1.fastq	gs://matrice/mag/1a/3c1c75534f181587257e09ddc524f3/SRR9865601_R2.fastq
SRR9865602	27	gs://matrice/mag/07/f066efbdc68cf015925393f69541f7/SRR9865602_R1.fastq	gs://matrice/mag/07/f066efbdc68cf015925393f69541f7/SRR9865602_R2.fastq
SRR9865603	37	gs://matrice/mag/fa/c2fe0702934394cd4cb3d876dc5676/SRR9865603_R1.fastq	gs://matrice/mag/fa/c2fe0702934394cd4cb3d876dc5676/SRR9865603_R2.fastq
SRR9865604	2	gs://matrice/mag/6d/cb84408234a36f6a8580294cd8a80d/SRR9865604_R1.fastq	gs://matrice/mag/6d/cb84408234a36f6a8580294cd8a80d/SRR9865604_R2.fastq
SRR9865605	37	gs://matrice/mag/1d/301531461beddd29a7741e500d1a4e/SRR9865605_R1.fastq	gs://matrice/mag/1d/301531461beddd29a7741e500d1a4e/SRR9865605_R2.fastq
SRR9865606	37	gs://matrice/mag/c3/3ed4b7ae2f2b40159595df96016268/SRR9865606_R1.fastq	gs://matrice/mag/c3/3ed4b7ae2f2b40159595df96016268/SRR9865606_R2.fastq
SRR9865607	7	gs://matrice/mag/b0/a40ac5c94b07fa874c56b144b87430/SRR9865607_R1.fastq	gs://matrice/mag/b0/a40ac5c94b07fa874c56b144b87430/SRR9865607_R2.fastq
SRR9865608	37	gs://matrice/mag/61/6d3ef7585586c5ba67b6e81c439c65/SRR9865608_R1.fastq	gs://matrice/mag/61/6d3ef7585586c5ba67b6e81c439c65/SRR9865608_R2.fastq
SRR9865609	37	gs://matrice/mag/3c/1bca3ca2cf55e1804923d70386b064/SRR9865609_R1.fastq	gs://matrice/mag/3c/1bca3ca2cf55e1804923d70386b064/SRR9865609_R2.fastq
SRR9865610	37	gs://matrice/mag/ab/bbc1e1b4e11a99b5983db0d37ccdf5/SRR9865610_R1.fastq	gs://matrice/mag/ab/bbc1e1b4e11a99b5983db0d37ccdf5/SRR9865610_R2.fastq
SRR9865611	27	gs://matrice/mag/e3/96829b3f9e9d581dab0852de5fe34c/SRR9865611_R1.fastq	gs://matrice/mag/e3/96829b3f9e9d581dab0852de5fe34c/SRR9865611_R2.fastq
SRR9865612	9	gs://matrice/mag/3e/361800cde63fb56630f5c92bea4519/SRR9865612_R1.fastq	gs://matrice/mag/3e/361800cde63fb56630f5c92bea4519/SRR9865612_R2.fastq
SRR9865613	9	gs://matrice/mag/03/3f6870e0b7581ae21439ae381ceb92/SRR9865613_R1.fastq	gs://matrice/mag/03/3f6870e0b7581ae21439ae381ceb92/SRR9865613_R2.fastq
SRR9865614	15	gs://matrice/mag/19/9fb5ae94b371692ec4f9f8e4ad5e1b/SRR9865614_R1.fastq	gs://matrice/mag/19/9fb5ae94b371692ec4f9f8e4ad5e1b/SRR9865614_R2.fastq
SRR9865615	15	gs://matrice/mag/a4/52eecaa7e97c927ffc411f3c12add2/SRR9865615_R1.fastq	gs://matrice/mag/a4/52eecaa7e97c927ffc411f3c12add2/SRR9865615_R2.fastq
SRR9865616	13	gs://matrice/mag/b0/9b5443375cd37054762a9821f790c3/SRR9865616_R1.fastq	gs://matrice/mag/b0/9b5443375cd37054762a9821f790c3/SRR9865616_R2.fastq
SRR9865617	13	gs://matrice/mag/ff/4a99739b77290972755b8912cec36c/SRR9865617_R1.fastq	gs://matrice/mag/ff/4a99739b77290972755b8912cec36c/SRR9865617_R2.fastq
SRR9865618	13	gs://matrice/mag/b8/0f5f5cba4c49327281e4c622dbe5c1/SRR9865618_R1.fastq	gs://matrice/mag/b8/0f5f5cba4c49327281e4c622dbe5c1/SRR9865618_R2.fastq
SRR9865619	37	gs://matrice/mag/d8/372aa7c31b625b3f64928f069840d2/SRR9865619_R1.fastq	gs://matrice/mag/d8/372aa7c31b625b3f64928f069840d2/SRR9865619_R2.fastq
SRR9865620	37	gs://matrice/mag/ce/0c0b497b7fc2be70c0fe4dec12d52a/SRR9865620_R1.fastq	gs://matrice/mag/ce/0c0b497b7fc2be70c0fe4dec12d52a/SRR9865620_R2.fastq
SRR9865621	3	gs://matrice/mag/89/889624795c66efe1a8d5f6117a2334/SRR9865621_R1.fastq	gs://matrice/mag/89/889624795c66efe1a8d5f6117a2334/SRR9865621_R2.fastq
SRR9865622	29	gs://matrice/mag/7b/bf6b9fd5de7400cd973f4abf63779a/SRR9865622_R1.fastq	gs://matrice/mag/7b/bf6b9fd5de7400cd973f4abf63779a/SRR9865622_R2.fastq
SRR9865623	43	gs://matrice/mag/95/8385b6179010284eeaf39dcb2dee9e/SRR9865623_R1.fastq	gs://matrice/mag/95/8385b6179010284eeaf39dcb2dee9e/SRR9865623_R2.fastq
SRR9865624	29	gs://matrice/mag/5f/bdde00afab0cbf54d9fdfe78d5404a/SRR9865624_R1.fastq	gs://matrice/mag/5f/bdde00afab0cbf54d9fdfe78d5404a/SRR9865624_R2.fastq
SRR9865625	5	gs://matrice/mag/c4/9dbe13b1b5771678cea7aed3efc49a/SRR9865625_R1.fastq	gs://matrice/mag/c4/9dbe13b1b5771678cea7aed3efc49a/SRR9865625_R2.fastq
SRR9865626	5	gs://matrice/mag/92/bfc4d116795a8ce98654bfc1192d56/SRR9865626_R1.fastq	gs://matrice/mag/92/bfc4d116795a8ce98654bfc1192d56/SRR9865626_R2.fastq
SRR9865627	13	gs://matrice/mag/8c/8df6792ac0e8f6ce85b913155a0921/SRR9865627_R1.fastq	gs://matrice/mag/8c/8df6792ac0e8f6ce85b913155a0921/SRR9865627_R2.fastq
SRR9865628	13	gs://matrice/mag/d8/5c154d6546c07593c4fbb2a890449b/SRR9865628_R1.fastq	gs://matrice/mag/d8/5c154d6546c07593c4fbb2a890449b/SRR9865628_R2.fastq
SRR9865629	13	gs://matrice/mag/48/5eef0805c39e1774cb9418a78bb9ff/SRR9865629_R1.fastq	gs://matrice/mag/48/5eef0805c39e1774cb9418a78bb9ff/SRR9865629_R2.fastq
SRR9865630	13	gs://matrice/mag/1b/999148f92ff35603dcfcb8a121cdb7/SRR9865630_R1.fastq	gs://matrice/mag/1b/999148f92ff35603dcfcb8a121cdb7/SRR9865630_R2.fastq
SRR9865631	15	gs://matrice/mag/25/2f29922ee319be4f3f59b83246f169/SRR9865631_R1.fastq	gs://matrice/mag/25/2f29922ee319be4f3f59b83246f169/SRR9865631_R2.fastq
SRR9865632	52	gs://matrice/mag/8c/fc3dda4d96f3ef9e3c094ad511dbc3/SRR9865632_R1.fastq	gs://matrice/mag/8c/fc3dda4d96f3ef9e3c094ad511dbc3/SRR9865632_R2.fastq
SRR9865633	52	gs://matrice/mag/8b/d11b9f6080fb5d4b993cf4aa9fe615/SRR9865633_R1.fastq	gs://matrice/mag/8b/d11b9f6080fb5d4b993cf4aa9fe615/SRR9865633_R2.fastq
SRR9865634	52	gs://matrice/mag/ef/6ec944f5cf18fa05e917be06c81d75/SRR9865634_R1.fastq	gs://matrice/mag/ef/6ec944f5cf18fa05e917be06c81d75/SRR9865634_R2.fastq
SRR9865635	5	gs://matrice/mag/56/7c503705ac4378984d6f5f34cc6aff/SRR9865635_R1.fastq	gs://matrice/mag/56/7c503705ac4378984d6f5f34cc6aff/SRR9865635_R2.fastq
SRR9865636	8	gs://matrice/mag/4b/353f80be2ab2489cf70731c095ec25/SRR9865636_R1.fastq	gs://matrice/mag/4b/353f80be2ab2489cf70731c095ec25/SRR9865636_R2.fastq
SRR9865637	6	gs://matrice/mag/0d/65fcc46cb7b73b7783a2d9941a0805/SRR9865637_R1.fastq	gs://matrice/mag/0d/65fcc46cb7b73b7783a2d9941a0805/SRR9865637_R2.fastq
SRR9865638	8	gs://matrice/mag/dd/23dc08eb50eadbc6ad1445423fcfb9/SRR9865638_R1.fastq	gs://matrice/mag/dd/23dc08eb50eadbc6ad1445423fcfb9/SRR9865638_R2.fastq
SRR9865639	8	gs://matrice/mag/78/b941b7863f2732f99f1f42bd4caa13/SRR9865639_R1.fastq	gs://matrice/mag/78/b941b7863f2732f99f1f42bd4caa13/SRR9865639_R2.fastq
SRR9865640	6	gs://matrice/mag/9a/24970e262c07942ded2a6ccd1169ac/SRR9865640_R1.fastq	gs://matrice/mag/9a/24970e262c07942ded2a6ccd1169ac/SRR9865640_R2.fastq
SRR9865641	6	gs://matrice/mag/01/a2ce40d82f65aa7953ab7b25e809c0/SRR9865641_R1.fastq	gs://matrice/mag/01/a2ce40d82f65aa7953ab7b25e809c0/SRR9865641_R2.fastq
SRR9865642	8	gs://matrice/mag/6f/dfd5ab4b12013bb6763a9f268426cd/SRR9865642_R1.fastq	gs://matrice/mag/6f/dfd5ab4b12013bb6763a9f268426cd/SRR9865642_R2.fastq
SRR9865643	52	gs://matrice/mag/8b/9a861dcb27dead989ec355e3ddd30b/SRR9865643_R1.fastq	gs://matrice/mag/8b/9a861dcb27dead989ec355e3ddd30b/SRR9865643_R2.fastq
SRR9865644	19	gs://matrice/mag/e6/754e602cbed0d551cd90641ae7b071/SRR9865644_R1.fastq	gs://matrice/mag/e6/754e602cbed0d551cd90641ae7b071/SRR9865644_R2.fastq
SRR9865645	19	gs://matrice/mag/34/7d0ff7ddfdc3c2e71e57ae57158e99/SRR9865645_R1.fastq	gs://matrice/mag/34/7d0ff7ddfdc3c2e71e57ae57158e99/SRR9865645_R2.fastq
SRR9865646	19	gs://matrice/mag/3f/e2b2b4ab8a29987ef5d4986b704d0d/SRR9865646_R1.fastq	gs://matrice/mag/3f/e2b2b4ab8a29987ef5d4986b704d0d/SRR9865646_R2.fastq
SRR9865647	52	gs://matrice/mag/b0/a3c03f2685c18b01be8ceaed3b8e6c/SRR9865647_R1.fastq	gs://matrice/mag/b0/a3c03f2685c18b01be8ceaed3b8e6c/SRR9865647_R2.fastq
SRR9865648	19	gs://matrice/mag/69/b7f5a5cc38a84f3784b820544358ee/SRR9865648_R1.fastq	gs://matrice/mag/69/b7f5a5cc38a84f3784b820544358ee/SRR9865648_R2.fastq
SRR9865649	19	gs://matrice/mag/6c/95bcaf0e0f418f93c2961089d32893/SRR9865649_R1.fastq	gs://matrice/mag/6c/95bcaf0e0f418f93c2961089d32893/SRR9865649_R2.fastq
SRR9865650	48	gs://matrice/mag/91/782a9f88a182eb899d0450d0198321/SRR9865650_R1.fastq	gs://matrice/mag/91/782a9f88a182eb899d0450d0198321/SRR9865650_R2.fastq
SRR9865651	8	gs://matrice/mag/78/6ae4e2d56e3e7ad61d334ac6b86109/SRR9865651_R1.fastq	gs://matrice/mag/78/6ae4e2d56e3e7ad61d334ac6b86109/SRR9865651_R2.fastq
SRR9865652	5	gs://matrice/mag/a5/56d95d48421dc925eade22a893a12c/SRR9865652_R1.fastq	gs://matrice/mag/a5/56d95d48421dc925eade22a893a12c/SRR9865652_R2.fastq
SRR9865653	34	gs://matrice/mag/e8/640a68306450bc6e757a29546bd0f2/SRR9865653_R1.fastq	gs://matrice/mag/e8/640a68306450bc6e757a29546bd0f2/SRR9865653_R2.fastq
SRR9865654	6	gs://matrice/mag/e6/8afc8f5f70a84cadc87267076a20c8/SRR9865654_R1.fastq	gs://matrice/mag/e6/8afc8f5f70a84cadc87267076a20c8/SRR9865654_R2.fastq
SRR9865655	34	gs://matrice/mag/8d/7b37fa40df87e7d572012cfa4e5391/SRR9865655_R1.fastq	gs://matrice/mag/8d/7b37fa40df87e7d572012cfa4e5391/SRR9865655_R2.fastq
SRR9865656	29	gs://matrice/mag/4e/70970428e6b0edded8407fddda8ed7/SRR9865656_R1.fastq	gs://matrice/mag/4e/70970428e6b0edded8407fddda8ed7/SRR9865656_R2.fastq
SRR9865657	46	gs://matrice/mag/68/c84cec7e467a4403db66da1790e1bc/SRR9865657_R1.fastq	gs://matrice/mag/68/c84cec7e467a4403db66da1790e1bc/SRR9865657_R2.fastq
SRR9865658	46	gs://matrice/mag/85/1885b85a7da7475736baf1cfba8ccc/SRR9865658_R1.fastq	gs://matrice/mag/85/1885b85a7da7475736baf1cfba8ccc/SRR9865658_R2.fastq
SRR9865659	48	gs://matrice/mag/ce/97ef0f3e9a5965bbfa41cdf4bdbba5/SRR9865659_R1.fastq	gs://matrice/mag/ce/97ef0f3e9a5965bbfa41cdf4bdbba5/SRR9865659_R2.fastq
SRR9865660	48	gs://matrice/mag/b4/1061d2bdfb47841ce5a90ca64d7b12/SRR9865660_R1.fastq	gs://matrice/mag/b4/1061d2bdfb47841ce5a90ca64d7b12/SRR9865660_R2.fastq
SRR9865661	28	gs://matrice/mag/fe/680f03e81b3fd03b08429d332d6020/SRR9865661_R1.fastq	gs://matrice/mag/fe/680f03e81b3fd03b08429d332d6020/SRR9865661_R2.fastq
SRR9865662	28	gs://matrice/mag/39/bf84fe8bcdb66c69be28ef36c8c0e4/SRR9865662_R1.fastq	gs://matrice/mag/39/bf84fe8bcdb66c69be28ef36c8c0e4/SRR9865662_R2.fastq
SRR9865663	28	gs://matrice/mag/e7/1a96ac2398259910e7dd80ee0446bd/SRR9865663_R1.fastq	gs://matrice/mag/e7/1a96ac2398259910e7dd80ee0446bd/SRR9865663_R2.fastq
SRR9865664	48	gs://matrice/mag/b0/47ad1b097b0793e1f8ac42804b1815/SRR9865664_R1.fastq	gs://matrice/mag/b0/47ad1b097b0793e1f8ac42804b1815/SRR9865664_R2.fastq
SRR9865665	48	gs://matrice/mag/df/61baee04000260cbc099448e7f99cb/SRR9865665_R1.fastq	gs://matrice/mag/df/61baee04000260cbc099448e7f99cb/SRR9865665_R2.fastq
SRR9865666	48	gs://matrice/mag/9f/af2c29a4f4311b663f0085b38be55a/SRR9865666_R1.fastq	gs://matrice/mag/9f/af2c29a4f4311b663f0085b38be55a/SRR9865666_R2.fastq
SRR9865667	40	gs://matrice/mag/44/94d60835afe56616c291575c282ed2/SRR9865667_R1.fastq	gs://matrice/mag/44/94d60835afe56616c291575c282ed2/SRR9865667_R2.fastq
SRR9865668	18	gs://matrice/mag/4e/2f9403f38d1d4990e77e104eedc238/SRR9865668_R1.fastq	gs://matrice/mag/4e/2f9403f38d1d4990e77e104eedc238/SRR9865668_R2.fastq
SRR9865669	18	gs://matrice/mag/68/c419b98293ab69cce2c226a350f272/SRR9865669_R1.fastq	gs://matrice/mag/68/c419b98293ab69cce2c226a350f272/SRR9865669_R2.fastq
SRR9865670	18	gs://matrice/mag/1c/31ef659c4eb66ec7f046bf9576bce6/SRR9865670_R1.fastq	gs://matrice/mag/1c/31ef659c4eb66ec7f046bf9576bce6/SRR9865670_R2.fastq
SRR9865671	6	gs://matrice/mag/0b/4d83f6ec4f11e69b7ef01932c59679/SRR9865671_R1.fastq	gs://matrice/mag/0b/4d83f6ec4f11e69b7ef01932c59679/SRR9865671_R2.fastq
SRR9865672	31	gs://matrice/mag/64/186cd3bb7b6472e56fa291634a1310/SRR9865672_R1.fastq	gs://matrice/mag/64/186cd3bb7b6472e56fa291634a1310/SRR9865672_R2.fastq
SRR9865673	31	gs://matrice/mag/72/7cc5aef9d4c37948d7204efc762fc5/SRR9865673_R1.fastq	gs://matrice/mag/72/7cc5aef9d4c37948d7204efc762fc5/SRR9865673_R2.fastq
SRR9865674	33	gs://matrice/mag/0e/4b897e5709c7e5b67ca35f1ce09dd1/SRR9865674_R1.fastq	gs://matrice/mag/0e/4b897e5709c7e5b67ca35f1ce09dd1/SRR9865674_R2.fastq
SRR9865675	33	gs://matrice/mag/50/976760b1389a040866c910a9b737c2/SRR9865675_R1.fastq	gs://matrice/mag/50/976760b1389a040866c910a9b737c2/SRR9865675_R2.fastq
SRR9865676	51	gs://matrice/mag/66/2b844cde901ab003d0277b2878860c/SRR9865676_R1.fastq	gs://matrice/mag/66/2b844cde901ab003d0277b2878860c/SRR9865676_R2.fastq
SRR9865677	51	gs://matrice/mag/1b/dd1fd866c879a497aafcbb42278e9b/SRR9865677_R1.fastq	gs://matrice/mag/1b/dd1fd866c879a497aafcbb42278e9b/SRR9865677_R2.fastq
SRR9865678	51	gs://matrice/mag/5b/09b043163056d54b1b7bfcb8ba6469/SRR9865678_R1.fastq	gs://matrice/mag/5b/09b043163056d54b1b7bfcb8ba6469/SRR9865678_R2.fastq
SRR9865679	3	gs://matrice/mag/79/47475b5d50cd5eab2a7a68d44f8883/SRR9865679_R1.fastq	gs://matrice/mag/79/47475b5d50cd5eab2a7a68d44f8883/SRR9865679_R2.fastq
SRR9865680	3	gs://matrice/mag/ae/7f970ed9df872923b34a77cb6be9c3/SRR9865680_R1.fastq	gs://matrice/mag/ae/7f970ed9df872923b34a77cb6be9c3/SRR9865680_R2.fastq
SRR9865681	3	gs://matrice/mag/8a/fc1be928cd32b23ce0321e98e2d3a3/SRR9865681_R1.fastq	gs://matrice/mag/8a/fc1be928cd32b23ce0321e98e2d3a3/SRR9865681_R2.fastq
SRR9865682	6	gs://matrice/mag/41/71bb6374ac8554078c3c66295325d2/SRR9865682_R1.fastq	gs://matrice/mag/41/71bb6374ac8554078c3c66295325d2/SRR9865682_R2.fastq
SRR9865683	29	gs://matrice/mag/d4/d8ac0f862f04b0dece4c399f2f7718/SRR9865683_R1.fastq	gs://matrice/mag/d4/d8ac0f862f04b0dece4c399f2f7718/SRR9865683_R2.fastq
SRR9865684	26	gs://matrice/mag/b9/3abeda06f379ccaec19384564d5614/SRR9865684_R1.fastq	gs://matrice/mag/b9/3abeda06f379ccaec19384564d5614/SRR9865684_R2.fastq
SRR9865685	26	gs://matrice/mag/7e/14576d48a4ca69f6eaa6449bddd0b7/SRR9865685_R1.fastq	gs://matrice/mag/7e/14576d48a4ca69f6eaa6449bddd0b7/SRR9865685_R2.fastq
SRR9865686	26	gs://matrice/mag/7b/e28be788a3b3af5fc28040492109a8/SRR9865686_R1.fastq	gs://matrice/mag/7b/e28be788a3b3af5fc28040492109a8/SRR9865686_R2.fastq
SRR9865687	26	gs://matrice/mag/eb/32aba72e747027d9c37b3ae0f90452/SRR9865687_R1.fastq	gs://matrice/mag/eb/32aba72e747027d9c37b3ae0f90452/SRR9865687_R2.fastq
SRR9865688	26	gs://matrice/mag/ec/86fead472ea2c97c58b5de04839135/SRR9865688_R1.fastq	gs://matrice/mag/ec/86fead472ea2c97c58b5de04839135/SRR9865688_R2.fastq
SRR9865689	26	gs://matrice/mag/82/29ef426c8ca979cd46aba33a6c40d5/SRR9865689_R1.fastq	gs://matrice/mag/82/29ef426c8ca979cd46aba33a6c40d5/SRR9865689_R2.fastq
SRR9865690	3	gs://matrice/mag/6f/1f961260ab8a3b6f5c13a2248c61f6/SRR9865690_R1.fastq	gs://matrice/mag/6f/1f961260ab8a3b6f5c13a2248c61f6/SRR9865690_R2.fastq
SRR9865691	3	gs://matrice/mag/9e/b9ed4eabc252b688136d8ccc3a4155/SRR9865691_R1.fastq	gs://matrice/mag/9e/b9ed4eabc252b688136d8ccc3a4155/SRR9865691_R2.fastq
SRR9865692	3	gs://matrice/mag/70/187b78a2b6863c6812b755b262ac92/SRR9865692_R1.fastq	gs://matrice/mag/70/187b78a2b6863c6812b755b262ac92/SRR9865692_R2.fastq
SRR9865693	33	gs://matrice/mag/73/562bc0af876e08205736a0fee8e2e7/SRR9865693_R1.fastq	gs://matrice/mag/73/562bc0af876e08205736a0fee8e2e7/SRR9865693_R2.fastq
SRR9865694	33	gs://matrice/mag/00/b6cc1dabc04bfb452c1687c37f8026/SRR9865694_R1.fastq	gs://matrice/mag/00/b6cc1dabc04bfb452c1687c37f8026/SRR9865694_R2.fastq
SRR9865695	21	gs://matrice/mag/f0/b68ec8a34e000f6466a40cdd5a08ca/SRR9865695_R1.fastq	gs://matrice/mag/f0/b68ec8a34e000f6466a40cdd5a08ca/SRR9865695_R2.fastq
SRR9865696	17	gs://matrice/mag/66/52bd651dc3186d7479c47c6fee9712/SRR9865696_R1.fastq	gs://matrice/mag/66/52bd651dc3186d7479c47c6fee9712/SRR9865696_R2.fastq
SRR9865697	17	gs://matrice/mag/bd/cde9e9aae3d1fd3d05f5b087faf942/SRR9865697_R1.fastq	gs://matrice/mag/bd/cde9e9aae3d1fd3d05f5b087faf942/SRR9865697_R2.fastq
SRR9865698	26	gs://matrice/mag/9a/92800dfa271b9f97892d47b6d4aeca/SRR9865698_R1.fastq	gs://matrice/mag/9a/92800dfa271b9f97892d47b6d4aeca/SRR9865698_R2.fastq
SRR9865699	26	gs://matrice/mag/9c/3eb03e7591a1afff71e5e12d1d29d3/SRR9865699_R1.fastq	gs://matrice/mag/9c/3eb03e7591a1afff71e5e12d1d29d3/SRR9865699_R2.fastq
SRR9865700	44	gs://matrice/mag/89/5676083a78b445c8db840f9562ad26/SRR9865700_R1.fastq	gs://matrice/mag/89/5676083a78b445c8db840f9562ad26/SRR9865700_R2.fastq
SRR9865701	44	gs://matrice/mag/33/57537cf74aec58c66285ad191022de/SRR9865701_R1.fastq	gs://matrice/mag/33/57537cf74aec58c66285ad191022de/SRR9865701_R2.fastq
SRR9865702	36	gs://matrice/mag/c4/e5e1e07494b30456b44789c638dff4/SRR9865702_R1.fastq	gs://matrice/mag/c4/e5e1e07494b30456b44789c638dff4/SRR9865702_R2.fastq
SRR9865703	36	gs://matrice/mag/e0/3ee4f8ff7b4f7d773033e3df9349b2/SRR9865703_R1.fastq	gs://matrice/mag/e0/3ee4f8ff7b4f7d773033e3df9349b2/SRR9865703_R2.fastq
SRR9865704	36	gs://matrice/mag/f0/605c6d4c7bd3f30624ffcf29769671/SRR9865704_R1.fastq	gs://matrice/mag/f0/605c6d4c7bd3f30624ffcf29769671/SRR9865704_R2.fastq
SRR9865705	36	gs://matrice/mag/be/119681a40d29c5737fc3b4c0fb2ff1/SRR9865705_R1.fastq	gs://matrice/mag/be/119681a40d29c5737fc3b4c0fb2ff1/SRR9865705_R2.fastq
SRR9865706	25	gs://matrice/mag/53/0458260a4c321326bc4d22ff7894a6/SRR9865706_R1.fastq	gs://matrice/mag/53/0458260a4c321326bc4d22ff7894a6/SRR9865706_R2.fastq
SRR9865707	25	gs://matrice/mag/4b/9db81a0245d38172fcf4a48b1fe4f4/SRR9865707_R1.fastq	gs://matrice/mag/4b/9db81a0245d38172fcf4a48b1fe4f4/SRR9865707_R2.fastq
SRR9865708	17	gs://matrice/mag/8c/34adac2b502e9f54da9b36b8ebdaa9/SRR9865708_R1.fastq	gs://matrice/mag/8c/34adac2b502e9f54da9b36b8ebdaa9/SRR9865708_R2.fastq
SRR9865709	17	gs://matrice/mag/29/71326d6c4325861260c7e83d1dc969/SRR9865709_R1.fastq	gs://matrice/mag/29/71326d6c4325861260c7e83d1dc969/SRR9865709_R2.fastq
SRR9865710	25	gs://matrice/mag/04/b0be7bd1f67a2a6c41222d9a47c07d/SRR9865710_R1.fastq	gs://matrice/mag/04/b0be7bd1f67a2a6c41222d9a47c07d/SRR9865710_R2.fastq
SRR9865711	11	gs://matrice/mag/25/426d215141c62810b274f91d441253/SRR9865711_R1.fastq	gs://matrice/mag/25/426d215141c62810b274f91d441253/SRR9865711_R2.fastq
SRR9865712	25	gs://matrice/mag/21/d294357674762a5077d6de5204e36f/SRR9865712_R1.fastq	gs://matrice/mag/21/d294357674762a5077d6de5204e36f/SRR9865712_R2.fastq
SRR9865713	25	gs://matrice/mag/a3/a4dd5eaa3bbb08be9c7a37d87f8a1b/SRR9865713_R1.fastq	gs://matrice/mag/a3/a4dd5eaa3bbb08be9c7a37d87f8a1b/SRR9865713_R2.fastq
SRR9865714	36	gs://matrice/mag/d2/2eba663a22bb5d9d8fbbe18f3bf79a/SRR9865714_R1.fastq	gs://matrice/mag/d2/2eba663a22bb5d9d8fbbe18f3bf79a/SRR9865714_R2.fastq
SRR9865715	52	gs://matrice/mag/23/bf5f7f37edf09570655ec4cfdafa6b/SRR9865715_R1.fastq	gs://matrice/mag/23/bf5f7f37edf09570655ec4cfdafa6b/SRR9865715_R2.fastq
SRR9865716	36	gs://matrice/mag/73/70f57408bfcdd5e15bfecc15ca4403/SRR9865716_R1.fastq	gs://matrice/mag/73/70f57408bfcdd5e15bfecc15ca4403/SRR9865716_R2.fastq
SRR9865717	36	gs://matrice/mag/2e/971516a96e527ba960d4a55a0cc272/SRR9865717_R1.fastq	gs://matrice/mag/2e/971516a96e527ba960d4a55a0cc272/SRR9865717_R2.fastq
SRR9865718	52	gs://matrice/mag/93/8260d0cccd1a8998d1ed40c0bf0308/SRR9865718_R1.fastq	gs://matrice/mag/93/8260d0cccd1a8998d1ed40c0bf0308/SRR9865718_R2.fastq
SRR9865719	52	gs://matrice/mag/b4/010793ed0f7912d24a291d2e242cfc/SRR9865719_R1.fastq	gs://matrice/mag/b4/010793ed0f7912d24a291d2e242cfc/SRR9865719_R2.fastq
SRR9865720	50	gs://matrice/mag/40/bc3df843483e0afa552f107485095d/SRR9865720_R1.fastq	gs://matrice/mag/40/bc3df843483e0afa552f107485095d/SRR9865720_R2.fastq
SRR9865721	4	gs://matrice/mag/29/7e4b1c9584dead71037abb2df50e8f/SRR9865721_R1.fastq	gs://matrice/mag/29/7e4b1c9584dead71037abb2df50e8f/SRR9865721_R2.fastq
SRR9865722	50	gs://matrice/mag/e4/170aad088c36ea7d04984bfeef90db/SRR9865722_R1.fastq	gs://matrice/mag/e4/170aad088c36ea7d04984bfeef90db/SRR9865722_R2.fastq
SRR9865723	50	gs://matrice/mag/d6/2f3356b8ccdff32ec9a01e2d598c96/SRR9865723_R1.fastq	gs://matrice/mag/d6/2f3356b8ccdff32ec9a01e2d598c96/SRR9865723_R2.fastq
SRR9865724	50	gs://matrice/mag/8a/887a51b7ea8d6a196968ac721b19b9/SRR9865724_R1.fastq	gs://matrice/mag/8a/887a51b7ea8d6a196968ac721b19b9/SRR9865724_R2.fastq
SRR9865725	50	gs://matrice/mag/f8/8bc737da029d4c4d6428394458b6cb/SRR9865725_R1.fastq	gs://matrice/mag/f8/8bc737da029d4c4d6428394458b6cb/SRR9865725_R2.fastq
SRR9865726	38	gs://matrice/mag/65/1781f6202021bf83c2d56b0d7b4368/SRR9865726_R1.fastq	gs://matrice/mag/65/1781f6202021bf83c2d56b0d7b4368/SRR9865726_R2.fastq
SRR9865727	38	gs://matrice/mag/f1/d653316c7bce305b8867b7768e00c9/SRR9865727_R1.fastq	gs://matrice/mag/f1/d653316c7bce305b8867b7768e00c9/SRR9865727_R2.fastq
SRR9865728	38	gs://matrice/mag/b2/e7c2e59581cc63a8308cf8ba44a12d/SRR9865728_R1.fastq	gs://matrice/mag/b2/e7c2e59581cc63a8308cf8ba44a12d/SRR9865728_R2.fastq
SRR9865729	38	gs://matrice/mag/8a/757660b71c3c4d5da28e34a24f26ec/SRR9865729_R1.fastq	gs://matrice/mag/8a/757660b71c3c4d5da28e34a24f26ec/SRR9865729_R2.fastq
SRR9865730	21	gs://matrice/mag/da/a123ade61a6253e980717bf927520c/SRR9865730_R1.fastq	gs://matrice/mag/da/a123ade61a6253e980717bf927520c/SRR9865730_R2.fastq
SRR9865731	21	gs://matrice/mag/8f/8004eb269d90305dd5f01d489d0232/SRR9865731_R1.fastq	gs://matrice/mag/8f/8004eb269d90305dd5f01d489d0232/SRR9865731_R2.fastq
SRR9865732	16	gs://matrice/mag/87/ad15a0a3da97f070818ece252c5500/SRR9865732_R1.fastq	gs://matrice/mag/87/ad15a0a3da97f070818ece252c5500/SRR9865732_R2.fastq
SRR9865733	16	gs://matrice/mag/83/8ae5edf88d1006fe7dafd7b4aa8f71/SRR9865733_R1.fastq	gs://matrice/mag/83/8ae5edf88d1006fe7dafd7b4aa8f71/SRR9865733_R2.fastq
SRR9865734	16	gs://matrice/mag/ea/352feab81082315be3a68d9b9dc62b/SRR9865734_R1.fastq	gs://matrice/mag/ea/352feab81082315be3a68d9b9dc62b/SRR9865734_R2.fastq
SRR9865735	16	gs://matrice/mag/db/0d12b16ed7140eb37223b327d8cb25/SRR9865735_R1.fastq	gs://matrice/mag/db/0d12b16ed7140eb37223b327d8cb25/SRR9865735_R2.fastq
SRR9865736	5	gs://matrice/mag/d6/3c1f965889a49db73a135f9aa639b8/SRR9865736_R1.fastq	gs://matrice/mag/d6/3c1f965889a49db73a135f9aa639b8/SRR9865736_R2.fastq
SRR9865737	11	gs://matrice/mag/24/421c41bd61394b6357e76ae7fbec8e/SRR9865737_R1.fastq	gs://matrice/mag/24/421c41bd61394b6357e76ae7fbec8e/SRR9865737_R2.fastq
SRR9865738	48	gs://matrice/mag/f7/4b6bb275760aa0a68511058212cf1d/SRR9865738_R1.fastq	gs://matrice/mag/f7/4b6bb275760aa0a68511058212cf1d/SRR9865738_R2.fastq
SRR9865739	38	gs://matrice/mag/a0/048ce76360572acf1b7f44f2ac9565/SRR9865739_R1.fastq	gs://matrice/mag/a0/048ce76360572acf1b7f44f2ac9565/SRR9865739_R2.fastq
SRR9865740	38	gs://matrice/mag/62/1b439effc63edc78b45ef9f88ef4b9/SRR9865740_R1.fastq	gs://matrice/mag/62/1b439effc63edc78b45ef9f88ef4b9/SRR9865740_R2.fastq
SRR9865741	14	gs://matrice/mag/52/8bac06a4493752582e71f643e84cdf/SRR9865741_R1.fastq	gs://matrice/mag/52/8bac06a4493752582e71f643e84cdf/SRR9865741_R2.fastq
SRR9865742	38	gs://matrice/mag/dd/83c620724e931f1962de0f760a5f0b/SRR9865742_R1.fastq	gs://matrice/mag/dd/83c620724e931f1962de0f760a5f0b/SRR9865742_R2.fastq
SRR9865743	14	gs://matrice/mag/a7/64233cfaf5c39a24a512e8d03941af/SRR9865743_R1.fastq	gs://matrice/mag/a7/64233cfaf5c39a24a512e8d03941af/SRR9865743_R2.fastq
SRR9865744	14	gs://matrice/mag/87/74828ae69405acb747162179eab00b/SRR9865744_R1.fastq	gs://matrice/mag/87/74828ae69405acb747162179eab00b/SRR9865744_R2.fastq
SRR9865745	54	gs://matrice/mag/07/fdcc84ac562f7d235d280c9e99296b/SRR9865745_R1.fastq	gs://matrice/mag/07/fdcc84ac562f7d235d280c9e99296b/SRR9865745_R2.fastq
SRR9865746	54	gs://matrice/mag/2e/b7d24f45bbd89572ced15ff4020e79/SRR9865746_R1.fastq	gs://matrice/mag/2e/b7d24f45bbd89572ced15ff4020e79/SRR9865746_R2.fastq
SRR9865747	11	gs://matrice/mag/03/b7d99c1b1c7ddb66841a6d18473253/SRR9865747_R1.fastq	gs://matrice/mag/03/b7d99c1b1c7ddb66841a6d18473253/SRR9865747_R2.fastq
SRR9865748	11	gs://matrice/mag/f7/13a959f43418b3218481d817a084c8/SRR9865748_R1.fastq	gs://matrice/mag/f7/13a959f43418b3218481d817a084c8/SRR9865748_R2.fastq
SRR9865749	11	gs://matrice/mag/8d/460d09ecf2315bf866c9c2240749f4/SRR9865749_R1.fastq	gs://matrice/mag/8d/460d09ecf2315bf866c9c2240749f4/SRR9865749_R2.fastq
SRR9865750	11	gs://matrice/mag/49/c81db7deccb4367f23697a9f375d7b/SRR9865750_R1.fastq	gs://matrice/mag/49/c81db7deccb4367f23697a9f375d7b/SRR9865750_R2.fastq
SRR9865751	6	gs://matrice/mag/4d/df97e5545585977f60305e19f511e1/SRR9865751_R1.fastq	gs://matrice/mag/4d/df97e5545585977f60305e19f511e1/SRR9865751_R2.fastq
SRR9865752	8	gs://matrice/mag/3c/c14ba7c5e77e5b9bde884ba1a0b4f3/SRR9865752_R1.fastq	gs://matrice/mag/3c/c14ba7c5e77e5b9bde884ba1a0b4f3/SRR9865752_R2.fastq
SRR9865753	6	gs://matrice/mag/0f/8c7d1ad58d562a92df4fb35b40cb11/SRR9865753_R1.fastq	gs://matrice/mag/0f/8c7d1ad58d562a92df4fb35b40cb11/SRR9865753_R2.fastq
SRR9865754	6	gs://matrice/mag/fb/8b82ba2cc724a0eb4ea2d0237cd629/SRR9865754_R1.fastq	gs://matrice/mag/fb/8b82ba2cc724a0eb4ea2d0237cd629/SRR9865754_R2.fastq
SRR9865755	2	gs://matrice/mag/26/04b516a0d3207e131619d0d47c8433/SRR9865755_R1.fastq	gs://matrice/mag/26/04b516a0d3207e131619d0d47c8433/SRR9865755_R2.fastq
SRR9865756	2	gs://matrice/mag/80/24f6752c9f8de9fb8e77a10abec061/SRR9865756_R1.fastq	gs://matrice/mag/80/24f6752c9f8de9fb8e77a10abec061/SRR9865756_R2.fastq
SRR9865757	2	gs://matrice/mag/6e/402e4bdcda5fcfdcbce8ae39739ea0/SRR9865757_R1.fastq	gs://matrice/mag/6e/402e4bdcda5fcfdcbce8ae39739ea0/SRR9865757_R2.fastq
SRR9865758	33	gs://matrice/mag/bf/070492ec91a78e7a20e81f1bcbcb9f/SRR9865758_R1.fastq	gs://matrice/mag/bf/070492ec91a78e7a20e81f1bcbcb9f/SRR9865758_R2.fastq
SRR9865759	4	gs://matrice/mag/a0/e5b8604e6027587993b3ce89457aa6/SRR9865759_R1.fastq	gs://matrice/mag/a0/e5b8604e6027587993b3ce89457aa6/SRR9865759_R2.fastq
SRR9865760	22	gs://matrice/mag/72/2d2fe8745d665ed9097128e2436541/SRR9865760_R1.fastq	gs://matrice/mag/72/2d2fe8745d665ed9097128e2436541/SRR9865760_R2.fastq
SRR9865761	22	gs://matrice/mag/d4/580621f7f7dc51b1049db5e7b5792c/SRR9865761_R1.fastq	gs://matrice/mag/d4/580621f7f7dc51b1049db5e7b5792c/SRR9865761_R2.fastq
SRR9865762	24	gs://matrice/mag/7b/7f9bacde426d312f81c93b2b57df5a/SRR9865762_R1.fastq	gs://matrice/mag/7b/7f9bacde426d312f81c93b2b57df5a/SRR9865762_R2.fastq
SRR9865763	24	gs://matrice/mag/e3/63e2a561f5bc61e4411c1b89475ffd/SRR9865763_R1.fastq	gs://matrice/mag/e3/63e2a561f5bc61e4411c1b89475ffd/SRR9865763_R2.fastq
SRR9865764	24	gs://matrice/mag/c3/546df65882ef53e2a1a0b4760b0a72/SRR9865764_R1.fastq	gs://matrice/mag/c3/546df65882ef53e2a1a0b4760b0a72/SRR9865764_R2.fastq
SRR9865765	22	gs://matrice/mag/a9/c21b8c0e20803f2837b5f7834541ce/SRR9865765_R1.fastq	gs://matrice/mag/a9/c21b8c0e20803f2837b5f7834541ce/SRR9865765_R2.fastq
SRR9865766	24	gs://matrice/mag/d0/c297e0bfa6e69a88134c586a396511/SRR9865766_R1.fastq	gs://matrice/mag/d0/c297e0bfa6e69a88134c586a396511/SRR9865766_R2.fastq
SRR9865767	24	gs://matrice/mag/09/7c413f9721ac8146fa34ab4814da33/SRR9865767_R1.fastq	gs://matrice/mag/09/7c413f9721ac8146fa34ab4814da33/SRR9865767_R2.fastq
SRR9865768	24	gs://matrice/mag/87/bfa299d64de93430181a72d8d99d12/SRR9865768_R1.fastq	gs://matrice/mag/87/bfa299d64de93430181a72d8d99d12/SRR9865768_R2.fastq
SRR9865769	24	gs://matrice/mag/f1/4ec0b05aea3a55ec4a138da7b1a80a/SRR9865769_R1.fastq	gs://matrice/mag/f1/4ec0b05aea3a55ec4a138da7b1a80a/SRR9865769_R2.fastq
SRR9865770	35	gs://matrice/mag/d0/7373797e26dd2fd8d3701f4949ed45/SRR9865770_R1.fastq	gs://matrice/mag/d0/7373797e26dd2fd8d3701f4949ed45/SRR9865770_R2.fastq
SRR9865771	35	gs://matrice/mag/c7/ed9cc28386ab633592c5d9e434ca13/SRR9865771_R1.fastq	gs://matrice/mag/c7/ed9cc28386ab633592c5d9e434ca13/SRR9865771_R2.fastq
SRR9865772	35	gs://matrice/mag/c1/053c31bf4905dd05fd9bae8cc6b52a/SRR9865772_R1.fastq	gs://matrice/mag/c1/053c31bf4905dd05fd9bae8cc6b52a/SRR9865772_R2.fastq
SRR9865773	35	gs://matrice/mag/d0/4b2ebaa20fb480a0e35a01bd976531/SRR9865773_R1.fastq	gs://matrice/mag/d0/4b2ebaa20fb480a0e35a01bd976531/SRR9865773_R2.fastq
SRR9865774	35	gs://matrice/mag/db/b451eea3bc30179b007927f099b599/SRR9865774_R1.fastq	gs://matrice/mag/db/b451eea3bc30179b007927f099b599/SRR9865774_R2.fastq
SRR9865775	35	gs://matrice/mag/88/801f570dee364cf39f1782af2a93fe/SRR9865775_R1.fastq	gs://matrice/mag/88/801f570dee364cf39f1782af2a93fe/SRR9865775_R2.fastq
SRR9865776	4	gs://matrice/mag/45/4165c222450497446375ce2332c437/SRR9865776_R1.fastq	gs://matrice/mag/45/4165c222450497446375ce2332c437/SRR9865776_R2.fastq
SRR9865777	16	gs://matrice/mag/d6/0415e6afb9ce9948658ab43760d2fc/SRR9865777_R1.fastq	gs://matrice/mag/d6/0415e6afb9ce9948658ab43760d2fc/SRR9865777_R2.fastq
SRR9865778	0	gs://matrice/mag/88/0f0bb83e0fb3f6808215bcd18a2b7e/SRR9865778_R1.fastq	gs://matrice/mag/88/0f0bb83e0fb3f6808215bcd18a2b7e/SRR9865778_R2.fastq
SRR9865779	0	gs://matrice/mag/4d/6a62c7dcb8706c4833ce6305e7381d/SRR9865779_R1.fastq	gs://matrice/mag/4d/6a62c7dcb8706c4833ce6305e7381d/SRR9865779_R2.fastq
SRR9865780	0	gs://matrice/mag/43/d7d56d2c3ad2c73337b7ed2c208cea/SRR9865780_R1.fastq	gs://matrice/mag/43/d7d56d2c3ad2c73337b7ed2c208cea/SRR9865780_R2.fastq
SRR9865781	0	gs://matrice/mag/19/187e0b27ce08e6d6497de949434c5e/SRR9865781_R1.fastq	gs://matrice/mag/19/187e0b27ce08e6d6497de949434c5e/SRR9865781_R2.fastq
SRR9865782	0	gs://matrice/mag/4a/cc197599ed09846f62a21d532684be/SRR9865782_R1.fastq	gs://matrice/mag/4a/cc197599ed09846f62a21d532684be/SRR9865782_R2.fastq
SRR9865783	0	gs://matrice/mag/93/5eeefc01577ee8994d44cafd96b898/SRR9865783_R1.fastq	gs://matrice/mag/93/5eeefc01577ee8994d44cafd96b898/SRR9865783_R2.fastq
SRR9865784	35	gs://matrice/mag/fe/68fb3ed19be68ba3a8fef7720dc4f7/SRR9865784_R1.fastq	gs://matrice/mag/fe/68fb3ed19be68ba3a8fef7720dc4f7/SRR9865784_R2.fastq
SRR9865785	35	gs://matrice/mag/4d/e4651e9ae450331a76c14b48dfd018/SRR9865785_R1.fastq	gs://matrice/mag/4d/e4651e9ae450331a76c14b48dfd018/SRR9865785_R2.fastq
SRR9865786	23	gs://matrice/mag/84/fda1d27f59a6dea618916f2a029488/SRR9865786_R1.fastq	gs://matrice/mag/84/fda1d27f59a6dea618916f2a029488/SRR9865786_R2.fastq
SRR9865787	35	gs://matrice/mag/7f/daa6dcf899be663bd34d6f40ef7150/SRR9865787_R1.fastq	gs://matrice/mag/7f/daa6dcf899be663bd34d6f40ef7150/SRR9865787_R2.fastq
SRR9865788	47	gs://matrice/mag/2e/b0a0256b7904ae4adf5dc2f8cdc585/SRR9865788_R1.fastq	gs://matrice/mag/2e/b0a0256b7904ae4adf5dc2f8cdc585/SRR9865788_R2.fastq
SRR9865789	47	gs://matrice/mag/a3/1dbb586aeebaaaed10ed80385e13c3/SRR9865789_R1.fastq	gs://matrice/mag/a3/1dbb586aeebaaaed10ed80385e13c3/SRR9865789_R2.fastq
SRR9865790	53	gs://matrice/mag/de/7796098752fcc291f9445db1d6244e/SRR9865790_R1.fastq	gs://matrice/mag/de/7796098752fcc291f9445db1d6244e/SRR9865790_R2.fastq
SRR9865791	12	gs://matrice/mag/d9/694bafd91e78384558372d360ff33a/SRR9865791_R1.fastq	gs://matrice/mag/d9/694bafd91e78384558372d360ff33a/SRR9865791_R2.fastq
SRR9865792	0	gs://matrice/mag/4b/4b7551a0e2b993d14d0d9015deea08/SRR9865792_R1.fastq	gs://matrice/mag/4b/4b7551a0e2b993d14d0d9015deea08/SRR9865792_R2.fastq
SRR9865793	0	gs://matrice/mag/8f/15d63aa735bfdfedd4c81595f94fea/SRR9865793_R1.fastq	gs://matrice/mag/8f/15d63aa735bfdfedd4c81595f94fea/SRR9865793_R2.fastq
SRR9865794	21	gs://matrice/mag/95/69a2de719e7e8b7b7ac52672db6f43/SRR9865794_R1.fastq	gs://matrice/mag/95/69a2de719e7e8b7b7ac52672db6f43/SRR9865794_R2.fastq
SRR9865795	0	gs://matrice/mag/d6/c6e90e90eea0ae1ad34bbe866cdbdb/SRR9865795_R1.fastq	gs://matrice/mag/d6/c6e90e90eea0ae1ad34bbe866cdbdb/SRR9865795_R2.fastq
SRR9865796	21	gs://matrice/mag/c5/ea3a84b6c4dcebb335192a294a00a4/SRR9865796_R1.fastq	gs://matrice/mag/c5/ea3a84b6c4dcebb335192a294a00a4/SRR9865796_R2.fastq
SRR9865797	10	gs://matrice/mag/7d/6eed3fc7c6c9b124a8fd74c9253bec/SRR9865797_R1.fastq	gs://matrice/mag/7d/6eed3fc7c6c9b124a8fd74c9253bec/SRR9865797_R2.fastq
SRR9865798	10	gs://matrice/mag/a7/6d1cd774a80a556761596da185919f/SRR9865798_R1.fastq	gs://matrice/mag/a7/6d1cd774a80a556761596da185919f/SRR9865798_R2.fastq
SRR9865799	15	gs://matrice/mag/1d/8c6330fe4f25e755fce5401b789d14/SRR9865799_R1.fastq	gs://matrice/mag/1d/8c6330fe4f25e755fce5401b789d14/SRR9865799_R2.fastq
SRR9865800	53	gs://matrice/mag/a9/6d68b5f1de202f267c7f9b2e4c79be/SRR9865800_R1.fastq	gs://matrice/mag/a9/6d68b5f1de202f267c7f9b2e4c79be/SRR9865800_R2.fastq
SRR9865801	53	gs://matrice/mag/4d/72adafaf80f5f144fd762394791310/SRR9865801_R1.fastq	gs://matrice/mag/4d/72adafaf80f5f144fd762394791310/SRR9865801_R2.fastq
SRR9865802	53	gs://matrice/mag/a9/e8b40e63e47c06f6af172af15976f8/SRR9865802_R1.fastq	gs://matrice/mag/a9/e8b40e63e47c06f6af172af15976f8/SRR9865802_R2.fastq
SRR9865803	53	gs://matrice/mag/75/c6d0a60ef57aae04598676a18fe1aa/SRR9865803_R1.fastq	gs://matrice/mag/75/c6d0a60ef57aae04598676a18fe1aa/SRR9865803_R2.fastq
SRR9865804	42	gs://matrice/mag/7d/573a15397fef019fcd0838c53b8cc6/SRR9865804_R1.fastq	gs://matrice/mag/7d/573a15397fef019fcd0838c53b8cc6/SRR9865804_R2.fastq
SRR9865805	42	gs://matrice/mag/62/cf53f4fc51d58ca5c631e5b5001b75/SRR9865805_R1.fastq	gs://matrice/mag/62/cf53f4fc51d58ca5c631e5b5001b75/SRR9865805_R2.fastq
SRR9865806	42	gs://matrice/mag/07/02ee16339e49dbee68dd92a6ac785b/SRR9865806_R1.fastq	gs://matrice/mag/07/02ee16339e49dbee68dd92a6ac785b/SRR9865806_R2.fastq
SRR9865807	42	gs://matrice/mag/84/2dcd2db35194b317ae6fcd83d21d97/SRR9865807_R1.fastq	gs://matrice/mag/84/2dcd2db35194b317ae6fcd83d21d97/SRR9865807_R2.fastq
SRR9865808	15	gs://matrice/mag/17/6be5e0d55165b6c5ce06164c87e71d/SRR9865808_R1.fastq	gs://matrice/mag/17/6be5e0d55165b6c5ce06164c87e71d/SRR9865808_R2.fastq
SRR9865809	15	gs://matrice/mag/7d/df4fc7099448ab97d755ce18143d37/SRR9865809_R1.fastq	gs://matrice/mag/7d/df4fc7099448ab97d755ce18143d37/SRR9865809_R2.fastq
SRR9865810	15	gs://matrice/mag/08/e0879c918f8414fcdbbbadd6775533/SRR9865810_R1.fastq	gs://matrice/mag/08/e0879c918f8414fcdbbbadd6775533/SRR9865810_R2.fastq
SRR9865811	15	gs://matrice/mag/e4/6fff7d5c0421cb0135f69b77bb5429/SRR9865811_R1.fastq	gs://matrice/mag/e4/6fff7d5c0421cb0135f69b77bb5429/SRR9865811_R2.fastq
SRR9865812	15	gs://matrice/mag/c8/daef7370a0c471a18e9d3baeb8e74d/SRR9865812_R1.fastq	gs://matrice/mag/c8/daef7370a0c471a18e9d3baeb8e74d/SRR9865812_R2.fastq
SRR9865813	21	gs://matrice/mag/55/d1547bebfc0b8ebefa20f1d017d42a/SRR9865813_R1.fastq	gs://matrice/mag/55/d1547bebfc0b8ebefa20f1d017d42a/SRR9865813_R2.fastq
SRR9865814	21	gs://matrice/mag/fc/ad9e67fb65599ee569c55da15fa745/SRR9865814_R1.fastq	gs://matrice/mag/fc/ad9e67fb65599ee569c55da15fa745/SRR9865814_R2.fastq
SRR9865815	21	gs://matrice/mag/d0/fd8efa252e9385d62977afaac6f1f8/SRR9865815_R1.fastq	gs://matrice/mag/d0/fd8efa252e9385d62977afaac6f1f8/SRR9865815_R2.fastq
SRR9865816	42	gs://matrice/mag/c3/3eba2b4183796670e62ef9aaba8bcc/SRR9865816_R1.fastq	gs://matrice/mag/c3/3eba2b4183796670e62ef9aaba8bcc/SRR9865816_R2.fastq
SRR9865817	42	gs://matrice/mag/06/a0085d33e489be5e12dba924bdf189/SRR9865817_R1.fastq	gs://matrice/mag/06/a0085d33e489be5e12dba924bdf189/SRR9865817_R2.fastq
SRR9865818	42	gs://matrice/mag/51/be43c795e86f542e8600c5b399cf19/SRR9865818_R1.fastq	gs://matrice/mag/51/be43c795e86f542e8600c5b399cf19/SRR9865818_R2.fastq
SRR9865819	47	gs://matrice/mag/64/e9d531e0b6017db2a7e848ff6a638c/SRR9865819_R1.fastq	gs://matrice/mag/64/e9d531e0b6017db2a7e848ff6a638c/SRR9865819_R2.fastq
SRR9865820	20	gs://matrice/mag/ab/bbfe95109a3f0c4d8e07cbdd078b44/SRR9865820_R1.fastq	gs://matrice/mag/ab/bbfe95109a3f0c4d8e07cbdd078b44/SRR9865820_R2.fastq
SRR9865821	20	gs://matrice/mag/47/57ed94c731afb9a7404f76f05c476c/SRR9865821_R1.fastq	gs://matrice/mag/47/57ed94c731afb9a7404f76f05c476c/SRR9865821_R2.fastq
SRR9865822	20	gs://matrice/mag/7c/5b9956cc549d8e753d3ecd670e117b/SRR9865822_R1.fastq	gs://matrice/mag/7c/5b9956cc549d8e753d3ecd670e117b/SRR9865822_R2.fastq
SRR9865823	20	gs://matrice/mag/f6/4db58f2eaec835858522d143f4db4b/SRR9865823_R1.fastq	gs://matrice/mag/f6/4db58f2eaec835858522d143f4db4b/SRR9865823_R2.fastq
SRR9865824	21	gs://matrice/mag/2a/a4f5bf7e14cc7f941a204811f350f6/SRR9865824_R1.fastq	gs://matrice/mag/2a/a4f5bf7e14cc7f941a204811f350f6/SRR9865824_R2.fastq
SRR9865825	21	gs://matrice/mag/e9/e65e4c785ca571fbd35dbace44d783/SRR9865825_R1.fastq	gs://matrice/mag/e9/e65e4c785ca571fbd35dbace44d783/SRR9865825_R2.fastq
SRR9865826	21	gs://matrice/mag/e6/7cd816be9bf0f3bf9c929b8c69df47/SRR9865826_R1.fastq	gs://matrice/mag/e6/7cd816be9bf0f3bf9c929b8c69df47/SRR9865826_R2.fastq
SRR9865827	10	gs://matrice/mag/00/1010fecd7d6f3a204f40c06facc516/SRR9865827_R1.fastq	gs://matrice/mag/00/1010fecd7d6f3a204f40c06facc516/SRR9865827_R2.fastq
SRR9865828	10	gs://matrice/mag/c7/28b16cd19e85b3f98136b2487ff1be/SRR9865828_R1.fastq	gs://matrice/mag/c7/28b16cd19e85b3f98136b2487ff1be/SRR9865828_R2.fastq
SRR9865829	18	gs://matrice/mag/70/1f96f41d5a7bab91ebe326a0310a4e/SRR9865829_R1.fastq	gs://matrice/mag/70/1f96f41d5a7bab91ebe326a0310a4e/SRR9865829_R2.fastq
SRR9865830	18	gs://matrice/mag/0b/da510b0f26afa31ed5b8489c325d3f/SRR9865830_R1.fastq	gs://matrice/mag/0b/da510b0f26afa31ed5b8489c325d3f/SRR9865830_R2.fastq
SRR9865831	31	gs://matrice/mag/89/cc45dcfd3247f92c9031c672faa325/SRR9865831_R1.fastq	gs://matrice/mag/89/cc45dcfd3247f92c9031c672faa325/SRR9865831_R2.fastq
SRR9865832	28	gs://matrice/mag/e6/baca6be615efc4562a52f08eb926fb/SRR9865832_R1.fastq	gs://matrice/mag/e6/baca6be615efc4562a52f08eb926fb/SRR9865832_R2.fastq
SRR9865833	28	gs://matrice/mag/b7/5bab9c9bd56291158636599a306892/SRR9865833_R1.fastq	gs://matrice/mag/b7/5bab9c9bd56291158636599a306892/SRR9865833_R2.fastq
SRR9865834	28	gs://matrice/mag/79/446899e49f5e17c0bb85a532e15db7/SRR9865834_R1.fastq	gs://matrice/mag/79/446899e49f5e17c0bb85a532e15db7/SRR9865834_R2.fastq
SRR9865835	28	gs://matrice/mag/4f/0262082bcab42ae9ac6f82a7bffa58/SRR9865835_R1.fastq	gs://matrice/mag/4f/0262082bcab42ae9ac6f82a7bffa58/SRR9865835_R2.fastq
SRR9865836	28	gs://matrice/mag/c5/8af742041aca0285ee23dd14d25433/SRR9865836_R1.fastq	gs://matrice/mag/c5/8af742041aca0285ee23dd14d25433/SRR9865836_R2.fastq
SRR9865837	28	gs://matrice/mag/f4/da372ad2b419119f8b3fa13d9492e4/SRR9865837_R1.fastq	gs://matrice/mag/f4/da372ad2b419119f8b3fa13d9492e4/SRR9865837_R2.fastq
SRR9865838	33	gs://matrice/mag/d0/ca55725e8b95ba9e8e9b4144466b7f/SRR9865838_R1.fastq	gs://matrice/mag/d0/ca55725e8b95ba9e8e9b4144466b7f/SRR9865838_R2.fastq
SRR9865839	33	gs://matrice/mag/53/54981225a9980f4081b0c55ea7b74c/SRR9865839_R1.fastq	gs://matrice/mag/53/54981225a9980f4081b0c55ea7b74c/SRR9865839_R2.fastq
SRR9865840	31	gs://matrice/mag/ad/dc910e374e2b24fee670f3641248b1/SRR9865840_R1.fastq	gs://matrice/mag/ad/dc910e374e2b24fee670f3641248b1/SRR9865840_R2.fastq
SRR9865841	48	gs://matrice/mag/4c/67312a41cda1fdd4280ffd9d174e4f/SRR9865841_R1.fastq	gs://matrice/mag/4c/67312a41cda1fdd4280ffd9d174e4f/SRR9865841_R2.fastq
